service,store,connection_evidence,entities,repositories,evidence
ts-assurance-service,MySQL,jdbc:mysql://${ASSURANCE_MYSQL_HOST:ts-assurance-mysql}:${ASSURANCE_MYSQL_PORT:3306}/${ASSURANCE_MYSQL_DATABASE:ts-assurance-mysql}?useUnicode=true&characterEncoding=UTF-8&useSSL=false&serverTimezone=UTC,Assurance,AssuranceRepository,ts-assurance-service/src/main/resources/application.yml:9; ts-assurance-service/src/main/java/assurance/entity/Assurance.java:17
ts-auth-service,MySQL,jdbc:mysql://${AUTH_MYSQL_HOST:ts-auth-mysql}:${AUTH_MYSQL_PORT:3306}/${AUTH_MYSQL_DATABASE:ts-auth-mysql}?useSSL=false,User,UserRepository,ts-auth-service/src/main/resources/application.yaml:11; ts-auth-service/src/main/java/auth/entity/User.java:27
ts-config-service,MySQL,jdbc:mysql://${CONFIG_MYSQL_HOST:ts-config-mysql}:${CONFIG_MYSQL_PORT:3306}/${CONFIG_MYSQL_DATABASE:ts-config-mysql}?useSSL=false,Config,ConfigRepository,ts-config-service/src/main/resources/application.yml:9; ts-config-service/src/main/java/config/entity/Config.java:15
ts-consign-price-service,MySQL,jdbc:mysql://${CONSIGN_PRICE_MYSQL_HOST:ts-consign-price-mysql}:${CONSIGN_PRICE_MYSQL_PORT:3306}/${CONSIGN_PRICE_MYSQL_DATABASE:ts-consign-price-mysql}?useSSL=false,ConsignPrice,ConsignPriceConfigRepository,ts-consign-price-service/src/main/resources/application.yml:9; ts-consign-price-service/src/main/java/consignprice/entity/ConsignPrice.java:19
ts-consign-service,MySQL,jdbc:mysql://${CONSIGN_MYSQL_HOST:ts-consign-mysql}:${CONSIGN_MYSQL_PORT:3306}/${CONSIGN_MYSQL_DATABASE:ts-consign-mysql}?useUnicode=true&characterEncoding=UTF-8&useSSL=false&serverTimezone=UTC,ConsignRecord,ConsignRepository,ts-consign-service/src/main/resources/application.yml:9; ts-consign-service/src/main/java/consign/entity/ConsignRecord.java:19
ts-contacts-service,MySQL,jdbc:mysql://${CONTACTS_MYSQL_HOST:ts-contacts-mysql}:${CONTACTS_MYSQL_PORT:3306}/${CONTACTS_MYSQL_DATABASE:ts-contacts-mysql}?useSSL=false,Contacts,ContactsRepository,ts-contacts-service/src/main/resources/application.yml:12; ts-contacts-service/src/main/java/contacts/entity/Contacts.java:22
ts-delivery-service,MySQL,jdbc:mysql://${DELIVERY_MYSQL_HOST:ts-delivery-mysql}:${DELIVERY_MYSQL_PORT:3306}/${DELIVERY_MYSQL_DATABASE:ts-delivery-mysql}?useSSL=false,Delivery,DeliveryRepository,ts-delivery-service/src/main/resources/application.yml:12; ts-delivery-service/src/main/java/delivery/entity/Delivery.java:21
ts-food-delivery-service,MySQL,jdbc:mysql://${FOOD_DELIVERY_MYSQL_HOST:ts-food-delivery-mysql}:${FOOD_DELIVERY_MYSQL_PORT:3306}/${FOOD_DELIVERY_MYSQL_DATABASE:ts-food-delivery-mysql}?useSSL=false,FoodDeliveryOrder,FoodDeliveryOrderRepository,ts-food-delivery-service/src/main/resources/application.yml:14; ts-food-delivery-service/src/main/java/food_delivery/entity/FoodDeliveryOrder.java:19
ts-food-service,MySQL,jdbc:mysql://${FOOD_MYSQL_HOST:ts-food-mysql}:${FOOD_MYSQL_PORT:3306}/${FOOD_MYSQL_DATABASE:ts-food-mysql}?useSSL=false,FoodOrder,FoodOrderRepository,ts-food-service/src/main/resources/application.yml:12; ts-food-service/src/main/java/foodsearch/entity/FoodOrder.java:19
ts-inside-payment-service,MySQL,jdbc:mysql://${INSIDE_PAYMENT_MYSQL_HOST:ts-inside-payment-mysql}:${INSIDE_PAYMENT_MYSQL_PORT:3306}/${INSIDE_PAYMENT_MYSQL_DATABASE:ts-inside-payment-mysql}?useSSL=false,Money; Payment,AddMoneyRepository; PaymentRepository,ts-inside-payment-service/src/main/resources/application.yml:13; ts-inside-payment-service/src/main/java/inside_payment/entity/Money.java:20; ts-inside-payment-service/src/main/java/inside_payment/entity/Payment.java:20
ts-notification-service,MySQL,jdbc:mysql://${NOTIFICATION_MYSQL_HOST:ts-notification-mysql}:${NOTIFICATION_MYSQL_PORT:3306}/${NOTIFICATION_MYSQL_DATABASE:ts-notification-mysql}?useSSL=false,NotifyInfo,NotifyRepository,ts-notification-service/src/main/resources/application.yml:27; ts-notification-service/src/main/java/notification/entity/NotifyInfo.java:27
ts-order-other-service,MySQL,jdbc:mysql://${ORDER_OTHER_MYSQL_HOST:ts-order-other-mysql}:${ORDER_OTHER_MYSQL_PORT:3306}/${ORDER_OTHER_MYSQL_DATABASE:ts-order-other-mysql}?useSSL=false,Order,OrderOtherRepository,ts-order-other-service/src/main/resources/application.yml:14; ts-order-other-service/src/main/java/other/entity/Order.java:23
ts-order-service,MySQL,jdbc:mysql://${ORDER_MYSQL_HOST:10.176.122.1}:${ORDER_MYSQL_PORT:3306}/${ORDER_MYSQL_DATABASE:ts}?useSSL=false,Order,OrderRepository,ts-order-service/src/main/resources/application.yml:13; ts-order-service/src/main/java/order/entity/Order.java:25
ts-payment-service,MySQL,jdbc:mysql://${PAYMENT_MYSQL_HOST:ts-payment-mysql}:${PAYMENT_MYSQL_PORT:3306}/${PAYMENT_MYSQL_DATABASE:ts-payment-mysql}?useUnicode=true&characterEncoding=UTF-8&useSSL=false&serverTimezone=UTC,Money; Payment,AddMoneyRepository; PaymentRepository,ts-payment-service/src/main/resources/application.yml:13; ts-payment-service/src/main/java/com/trainticket/entity/Money.java:22; ts-payment-service/src/main/java/com/trainticket/entity/Payment.java:20
ts-price-service,MySQL,jdbc:mysql://${PRICE_MYSQL_HOST:10.176.122.1}:${PRICE_MYSQL_PORT:3306}/${PRICE_MYSQL_DATABASE:ts}?useSSL=false,PriceConfig,PriceConfigRepository,ts-price-service/src/main/resources/application.yml:9; ts-price-service/src/main/java/price/entity/PriceConfig.java:19
ts-route-service,MySQL,jdbc:mysql://${ROUTE_MYSQL_HOST:10.176.122.1}:${ROUTE_MYSQL_PORT:3306}/${ROUTE_MYSQL_DATABASE:ts}?useSSL=false,Route,RouteRepository,ts-route-service/src/main/resources/application.yml:9; ts-route-service/src/main/java/route/entity/Route.java:22
ts-security-service,MySQL,jdbc:mysql://${SECURITY_MYSQL_HOST:ts-security-mysql}:${SECURITY_MYSQL_PORT:3306}/${SECURITY_MYSQL_DATABASE:ts-security-mysql}?useSSL=false,SecurityConfig,SecurityRepository,ts-security-service/src/main/resources/application.yml:10; ts-security-service/src/main/java/security/entity/SecurityConfig.java:21
ts-station-food-service,MySQL,jdbc:mysql://${STATION_FOOD_MYSQL_HOST:10.176.122.1}:${STATION_FOOD_MYSQL_PORT:3306}/${STATION_FOOD_MYSQL_DATABASE:ts}?useSSL=false,StationFoodStore,StationFoodRepository,ts-station-food-service/src/main/resources/application.yml:13; ts-station-food-service/src/main/java/food/entity/StationFoodStore.java:19
ts-station-service,MySQL,jdbc:mysql://${STATION_MYSQL_HOST:ts-station-mysql}:${STATION_MYSQL_PORT:3306}/${STATION_MYSQL_DATABASE:ts-station-mysql}?useSSL=false,Station,StationRepository,ts-station-service/src/main/resources/application.yml:9; ts-station-service/src/main/java/fdse/microservice/entity/Station.java:18
ts-train-food-service,MySQL,jdbc:mysql://${TRAIN_FOOD_MYSQL_HOST:ts-train-food-mysql}:${TRAIN_FOOD_MYSQL_PORT:3306}/${TRAIN_FOOD_MYSQL_DATABASE:ts-train-food-mysql}?useSSL=false,TrainFood,TrainFoodRepository,ts-train-food-service/src/main/resources/application.yml:12; ts-train-food-service/src/main/java/trainFood/entity/TrainFood.java:18
ts-train-service,MySQL,jdbc:mysql://${TRAIN_MYSQL_HOST:ts-train-mysql}:${TRAIN_MYSQL_PORT:3306}/${TRAIN_MYSQL_DATABASE:s-train-mysql}?useSSL=false,TrainType,TrainTypeRepository,ts-train-service/src/main/resources/application.yml:9; ts-train-service/src/main/java/train/entity/TrainType.java:19
ts-travel-service,MySQL,jdbc:mysql://${TRAVEL_MYSQL_HOST:ts-travel-mysql}:${TRAVEL_MYSQL_PORT:3306}/${TRAVEL_MYSQL_DATABASE:ts-travel-mysql}?useSSL=false,Trip,TripRepository,ts-travel-service/src/main/resources/application.yml:13; ts-travel-service/src/main/java/travel/entity/Trip.java:21
ts-travel2-service,MySQL,jdbc:mysql://${TRAVEL2_MYSQL_HOST:ts-travel2-mysql}:${TRAVEL2_MYSQL_PORT:3306}/${TRAVEL2_MYSQL_DATABASE:ts-travel2-mysql}?useSSL=false,Trip,TripRepository,ts-travel2-service/src/main/resources/application.yml:13; ts-travel2-service/src/main/java/travel2/entity/Trip.java:20
ts-user-service,MySQL,jdbc:mysql://${USER_MYSQL_HOST:ts-user-mysql}:${USER_MYSQL_PORT:3306}/${USER_MYSQL_DATABASE:ts-user-mysql}?useSSL=false,User,UserRepository,ts-user-service/src/main/resources/application.yaml:12; ts-user-service/src/main/java/user/entity/User.java:22
ts-wait-order-service,MySQL,jdbc:mysql://${WAIT_ORDER_MYSQL_HOST:10.176.122.1}:${WAIT_ORDER_MYSQL_PORT:3306}/${WAIT_ORDER_MYSQL_DATABASE:ts}?useSSL=false,WaitListOrder,WaitListOrderRepository,ts-wait-order-service/src/main/resources/application.yml:13; ts-wait-order-service/src/main/java/waitorder/entity/WaitListOrder.java:17
