database_component,store,candidate_owner,owner_status,image,evidence
ts-account-mongo,MongoDB,,UNRESOLVED,mongo:4.4,docker-compose.yml:82
ts-assurance-mongo,MongoDB,ts-assurance-service,INFERRED_FROM_NAME,mongo:4.4,docker-compose.yml:356
ts-auth-mongo,MongoDB,ts-auth-service,INFERRED_FROM_NAME,mongo:4.4,docker-compose.yml:53
ts-config-mongo,MongoDB,ts-config-service,INFERRED_FROM_NAME,mongo:4.4,docker-compose.yml:152
ts-consign-mongo,MongoDB,ts-consign-service,INFERRED_FROM_NAME,mongo:4.4,docker-compose.yml:472
ts-consign-price-mongo,MongoDB,ts-consign-price-service,INFERRED_FROM_NAME,mongo:4.4,docker-compose.yml:486
ts-contacts-mongo,MongoDB,ts-contacts-service,INFERRED_FROM_NAME,mongo:4.4,docker-compose.yml:110
ts-food-map-mongo,MongoDB,ts-food-map-service,INFERRED_FROM_NAME,mongo:4.4,docker-compose.yml:440
ts-food-mongo,MongoDB,ts-food-service,INFERRED_FROM_NAME,mongo:4.4,docker-compose.yml:491
ts-inside-payment-mongo,MongoDB,ts-inside-payment-service,INFERRED_FROM_NAME,mongo:4.4,docker-compose.yml:296
ts-news-mongo,MongoDB,ts-news-service,INFERRED_FROM_NAME,mongo:4.4,docker-compose.yml:404
ts-order-mongo,MongoDB,ts-order-service,INFERRED_FROM_NAME,mongo:4.4,docker-compose.yml:124
ts-order-other-mongo,MongoDB,ts-order-other-service,INFERRED_FROM_NAME,mongo:4.4,docker-compose.yml:138
ts-payment-mongo,MongoDB,ts-payment-service,INFERRED_FROM_NAME,mongo:4.4,docker-compose.yml:319
ts-price-mongo,MongoDB,ts-price-service,INFERRED_FROM_NAME,mongo:4.4,docker-compose.yml:259
ts-rebook-mongo,MongoDB,ts-rebook-service,INFERRED_FROM_NAME,mongo:4.4,docker-compose.yml:333
ts-route-mongo,MongoDB,ts-route-service,INFERRED_FROM_NAME,mongo:4.4,docker-compose.yml:96
ts-security-mongo,MongoDB,ts-security-service,INFERRED_FROM_NAME,mongo:4.4,docker-compose.yml:282
ts-station-mongo,MongoDB,ts-station-service,INFERRED_FROM_NAME,mongo:4.4,docker-compose.yml:166
ts-ticket-office-mongo,MongoDB,ts-ticket-office-service,INFERRED_FROM_NAME,mongo:4.4,docker-compose.yml:388
ts-train-mongo,MongoDB,ts-train-service,INFERRED_FROM_NAME,mongo:4.4,docker-compose.yml:180
ts-travel-mongo,MongoDB,ts-travel-service,INFERRED_FROM_NAME,mongo:4.4,docker-compose.yml:194
ts-travel2-mongo,MongoDB,ts-travel2-service,INFERRED_FROM_NAME,mongo:4.4,docker-compose.yml:208
ts-user-mongo,MongoDB,ts-user-service,INFERRED_FROM_NAME,mongo:4.4,docker-compose.yml:68
ts-voucher-mysql,MySQL,ts-voucher-service,INFERRED_FROM_NAME,mysql,docker-compose.yml:409
