type_name,occurrences,evidence
AddMoneyRepository,2,ts-inside-payment-service/src/main/java/inside_payment/repository/AddMoneyRepository.java:12; ts-payment-service/src/main/java/com/trainticket/repository/AddMoneyRepository.java:9
AdminTrip,3,ts-common/src/main/java/edu/fudan/common/entity/AdminTrip.java:9; ts-travel-service/src/main/java/travel/entity/AdminTrip.java:12; ts-travel2-service/src/main/java/travel2/entity/AdminTrip.java:11
Assurance,2,ts-assurance-service/src/main/java/assurance/entity/Assurance.java:17; ts-common/src/main/java/edu/fudan/common/entity/Assurance.java:14
AssuranceType,2,ts-assurance-service/src/main/java/assurance/entity/AssuranceType.java:8; ts-common/src/main/java/edu/fudan/common/entity/AssuranceType.java:8
AuthDto,2,ts-auth-service/src/main/java/auth/dto/AuthDto.java:15; ts-user-service/src/main/java/user/dto/AuthDto.java:17
Config,2,ts-common/src/main/java/edu/fudan/common/entity/Config.java:13; ts-config-service/src/main/java/config/entity/Config.java:15
Consign,2,ts-common/src/main/java/edu/fudan/common/entity/Consign.java:12; ts-consign-service/src/main/java/consign/entity/Consign.java:18
Contacts,2,ts-common/src/main/java/edu/fudan/common/entity/Contacts.java:17; ts-contacts-service/src/main/java/contacts/entity/Contacts.java:22
CookieUtil,2,ts-inside-payment-service/src/main/java/inside_payment/util/CookieUtil.java:12; ts-verification-code-service/src/main/java/verifycode/util/CookieUtil.java:12
Delivery,2,ts-delivery-service/src/main/java/delivery/entity/Delivery.java:21; ts-food-service/src/main/java/foodsearch/entity/Delivery.java:9
DocumentType,2,ts-common/src/main/java/edu/fudan/common/entity/DocumentType.java:6; ts-contacts-service/src/main/java/contacts/entity/DocumentType.java:6
FoodOrder,2,ts-common/src/main/java/edu/fudan/common/entity/FoodOrder.java:11; ts-food-service/src/main/java/foodsearch/entity/FoodOrder.java:19
Gender,2,ts-common/src/main/java/edu/fudan/common/entity/Gender.java:6; ts-user-service/src/main/java/user/dto/Gender.java:6
InitData,19,ts-assurance-service/src/main/java/assurance/init/InitData.java:21; ts-config-service/src/main/java/config/init/InitData.java:13; ts-consign-price-service/src/main/java/consignprice/init/InitData.java:17; ts-consign-service/src/main/java/consign/init/InitData.java:14; ts-contacts-service/src/main/java/contacts/init/InitData.java:15; ts-food-delivery-service/src/main/java/food_delivery/init/InitData.java:15; ts-inside-payment-service/src/main/java/inside_payment/init/InitData.java:15; ts-order-other-service/src/main/java/other/init/InitData.java:20; ts-order-service/src/main/java/order/init/InitData.java:17; ts-payment-service/src/main/java/com/trainticket/init/InitData.java:17; ts-price-service/src/main/java/price/init/InitData.java:16; ts-route-service/src/main/java/route/init/InitData.java:13; ts-security-service/src/main/java/security/init/InitData.java:13; ts-station-food-service/src/main/java/food/init/InitData.java:19; ts-station-service/src/main/java/fdse/microservice/init/InitData.java:10; ts-train-food-service/src/main/java/trainFood/init/InitData.java:19; ts-train-service/src/main/java/train/init/InitData.java:11; ts-travel-service/src/main/java/travel/init/InitData.java:15; ts-travel2-service/src/main/java/travel2/init/InitData.java:14
InitUser,2,ts-auth-service/src/main/java/auth/init/InitUser.java:18; ts-user-service/src/main/java/user/init/InitUser.java:18
Money,2,ts-inside-payment-service/src/main/java/inside_payment/entity/Money.java:20; ts-payment-service/src/main/java/com/trainticket/entity/Money.java:22
NotifyInfo,2,ts-common/src/main/java/edu/fudan/common/entity/NotifyInfo.java:9; ts-notification-service/src/main/java/notification/entity/NotifyInfo.java:27
Order,3,ts-common/src/main/java/edu/fudan/common/entity/Order.java:19; ts-order-other-service/src/main/java/other/entity/Order.java:23; ts-order-service/src/main/java/order/entity/Order.java:25
OrderAlterInfo,3,ts-common/src/main/java/edu/fudan/common/entity/OrderAlterInfo.java:12; ts-order-other-service/src/main/java/other/entity/OrderAlterInfo.java:17; ts-order-service/src/main/java/order/entity/OrderAlterInfo.java:17
Payment,2,ts-inside-payment-service/src/main/java/inside_payment/entity/Payment.java:20; ts-payment-service/src/main/java/com/trainticket/entity/Payment.java:20
PaymentRepository,2,ts-inside-payment-service/src/main/java/inside_payment/repository/PaymentRepository.java:13; ts-payment-service/src/main/java/com/trainticket/repository/PaymentRepository.java:12
PriceConfig,2,ts-common/src/main/java/edu/fudan/common/entity/PriceConfig.java:14; ts-price-service/src/main/java/price/entity/PriceConfig.java:19
Queues,5,ts-delivery-service/src/main/java/delivery/config/Queues.java:8; ts-food-service/src/main/java/foodsearch/config/Queues.java:8; ts-notification-service/src/main/java/notification/config/Queues.java:8; ts-preserve-other-service/src/main/java/preserveOther/config/Queues.java:8; ts-preserve-service/src/main/java/preserve/config/Queues.java:8
RabbitReceive,2,ts-delivery-service/src/main/java/delivery/mq/RabbitReceive.java:24; ts-notification-service/src/main/java/notification/mq/RabbitReceive.java:27
RabbitSend,4,ts-food-service/src/main/java/foodsearch/mq/RabbitSend.java:13; ts-notification-service/src/main/java/notification/mq/RabbitSend.java:12; ts-preserve-other-service/src/main/java/preserveOther/mq/RabbitSend.java:13; ts-preserve-service/src/main/java/preserve/mq/RabbitSend.java:12
Route,2,ts-common/src/main/java/edu/fudan/common/entity/Route.java:15; ts-route-service/src/main/java/route/entity/Route.java:22
RouteInfo,2,ts-common/src/main/java/edu/fudan/common/entity/RouteInfo.java:16; ts-route-service/src/main/java/route/entity/RouteInfo.java:13
SecurityConfig,39,ts-admin-basic-info-service/src/main/java/adminbasic/config/SecurityConfig.java:27; ts-admin-order-service/src/main/java/adminorder/config/SecurityConfig.java:26; ts-admin-route-service/src/main/java/adminroute/config/SecurityConfig.java:26; ts-admin-travel-service/src/main/java/admintravel/config/SecurityConfig.java:26; ts-admin-user-service/src/main/java/adminuser/config/SecurityConfig.java:26; ts-assurance-service/src/main/java/assurance/config/SecurityConfig.java:26; ts-basic-service/src/main/java/fdse/microservice/config/SecurityConfig.java:26; ts-cancel-service/src/main/java/cancel/config/SecurityConfig.java:26; ts-config-service/src/main/java/config/SecurityConfig.java:27; ts-consign-price-service/src/main/java/consignprice/config/SecurityConfig.java:26; ts-consign-service/src/main/java/consign/config/SecurityConfig.java:26; ts-contacts-service/src/main/java/contacts/config/SecurityConfig.java:26; ts-execute-service/src/main/java/execute/config/SecurityConfig.java:26; ts-food-delivery-service/src/main/java/food_delivery/config/SecurityConfig.java:23; ts-food-service/src/main/java/foodsearch/config/SecurityConfig.java:24; ts-inside-payment-service/src/main/java/inside_payment/config/SecurityConfig.java:26; ts-notification-service/src/main/java/notification/config/SecurityConfig.java:26; ts-order-other-service/src/main/java/other/config/SecurityConfig.java:27; ts-order-service/src/main/java/order/config/SecurityConfig.java:27; ts-payment-service/src/main/java/com/trainticket/config/SecurityConfig.java:26; ts-preserve-other-service/src/main/java/preserveOther/config/SecurityConfig.java:26; ts-preserve-service/src/main/java/preserve/config/SecurityConfig.java:26; ts-price-service/src/main/java/price/config/SecurityConfig.java:27; ts-rebook-service/src/main/java/rebook/config/SecurityConfig.java:26; ts-route-plan-service/src/main/java/plan/config/SecurityConfig.java:26; ts-route-service/src/main/java/route/config/SecurityConfig.java:27; ts-seat-service/src/main/java/seat/config/SecurityConfig.java:27; ts-security-service/src/main/java/security/config/SecurityConfig.java:26; ts-security-service/src/main/java/security/entity/SecurityConfig.java:21; ts-station-food-service/src/main/java/food/config/SecurityConfig.java:23; ts-station-service/src/main/java/fdse/microservice/config/SecurityConfig.java:24; ts-train-food-service/src/main/java/trainFood/config/SecurityConfig.java:23; ts-train-service/src/main/java/train/config/SecurityConfig.java:24; ts-travel-plan-service/src/main/java/travelplan/config/SecurityConfig.java:26; ts-travel-service/src/main/java/travel/config/SecurityConfig.java:27; ts-travel2-service/src/main/java/travel2/config/SecurityConfig.java:27; ts-user-service/src/main/java/user/config/SecurityConfig.java:27; ts-verification-code-service/src/main/java/verifycode/config/SecurityConfig.java:26; ts-wait-order-service/src/main/java/waitorder/config/SecurityConfig.java:27
Station,2,ts-common/src/main/java/edu/fudan/common/entity/Station.java:8; ts-station-service/src/main/java/fdse/microservice/entity/Station.java:18
StationFoodStore,2,ts-common/src/main/java/edu/fudan/common/entity/StationFoodStore.java:10; ts-station-food-service/src/main/java/food/entity/StationFoodStore.java:19
TrainFood,2,ts-common/src/main/java/edu/fudan/common/entity/TrainFood.java:10; ts-train-food-service/src/main/java/trainFood/entity/TrainFood.java:18
TrainType,2,ts-common/src/main/java/edu/fudan/common/entity/TrainType.java:11; ts-train-service/src/main/java/train/entity/TrainType.java:19
Travel,3,ts-common/src/main/java/edu/fudan/common/entity/Travel.java:12; ts-travel-service/src/main/java/travel/entity/Travel.java:15; ts-travel2-service/src/main/java/travel2/entity/Travel.java:13
TravelService,2,ts-travel-service/src/main/java/travel/service/TravelService.java:16; ts-travel2-service/src/main/java/travel2/service/TravelService.java:13
TravelServiceImpl,2,ts-travel-service/src/main/java/travel/service/TravelServiceImpl.java:36; ts-travel2-service/src/main/java/travel2/service/TravelServiceImpl.java:33
Trip,3,ts-common/src/main/java/edu/fudan/common/entity/Trip.java:16; ts-travel-service/src/main/java/travel/entity/Trip.java:21; ts-travel2-service/src/main/java/travel2/entity/Trip.java:20
TripAllDetail,3,ts-common/src/main/java/edu/fudan/common/entity/TripAllDetail.java:13; ts-travel-service/src/main/java/travel/entity/TripAllDetail.java:12; ts-travel2-service/src/main/java/travel2/entity/TripAllDetail.java:14
TripRepository,2,ts-travel-service/src/main/java/travel/repository/TripRepository.java:14; ts-travel2-service/src/main/java/travel2/repository/TripRepository.java:15
User,3,ts-auth-service/src/main/java/auth/entity/User.java:27; ts-common/src/main/java/edu/fudan/common/entity/User.java:18; ts-user-service/src/main/java/user/entity/User.java:22
UserController,2,ts-auth-service/src/main/java/auth/controller/UserController.java:26; ts-user-service/src/main/java/user/controller/UserController.java:23
UserDto,2,ts-admin-user-service/src/main/java/adminuser/dto/UserDto.java:13; ts-user-service/src/main/java/user/dto/UserDto.java:15
UserRepository,2,ts-auth-service/src/main/java/auth/repository/UserRepository.java:12; ts-user-service/src/main/java/user/repository/UserRepository.java:14
UserService,2,ts-auth-service/src/main/java/auth/service/UserService.java:14; ts-user-service/src/main/java/user/service/UserService.java:12
UserServiceImpl,2,ts-auth-service/src/main/java/auth/service/impl/UserServiceImpl.java:26; ts-user-service/src/main/java/user/service/impl/UserServiceImpl.java:29
not,2,ts-order-other-service/src/main/java/other/service/OrderOtherServiceImpl.java:314; ts-order-service/src/main/java/order/service/OrderServiceImpl.java:296
