service,http_method,path,controller,evidence
ts-admin-basic-info-service,GET,/api/v1/adminbasicservice/welcome,AdminBasicInfoController,ts-admin-basic-info-service/src/main/java/adminbasic/controller/AdminBasicInfoController.java:29
ts-admin-basic-info-service,GET,/api/v1/adminbasicservice/adminbasic/contacts,AdminBasicInfoController,ts-admin-basic-info-service/src/main/java/adminbasic/controller/AdminBasicInfoController.java:35
ts-admin-basic-info-service,DELETE,/api/v1/adminbasicservice/adminbasic/contacts/{contactsId},AdminBasicInfoController,ts-admin-basic-info-service/src/main/java/adminbasic/controller/AdminBasicInfoController.java:42
ts-admin-basic-info-service,PUT,/api/v1/adminbasicservice/adminbasic/contacts,AdminBasicInfoController,ts-admin-basic-info-service/src/main/java/adminbasic/controller/AdminBasicInfoController.java:49
ts-admin-basic-info-service,POST,/api/v1/adminbasicservice/adminbasic/contacts,AdminBasicInfoController,ts-admin-basic-info-service/src/main/java/adminbasic/controller/AdminBasicInfoController.java:56
ts-admin-basic-info-service,GET,/api/v1/adminbasicservice/adminbasic/stations,AdminBasicInfoController,ts-admin-basic-info-service/src/main/java/adminbasic/controller/AdminBasicInfoController.java:63
ts-admin-basic-info-service,DELETE,/api/v1/adminbasicservice/adminbasic/stations/{id},AdminBasicInfoController,ts-admin-basic-info-service/src/main/java/adminbasic/controller/AdminBasicInfoController.java:70
ts-admin-basic-info-service,PUT,/api/v1/adminbasicservice/adminbasic/stations,AdminBasicInfoController,ts-admin-basic-info-service/src/main/java/adminbasic/controller/AdminBasicInfoController.java:77
ts-admin-basic-info-service,POST,/api/v1/adminbasicservice/adminbasic/stations,AdminBasicInfoController,ts-admin-basic-info-service/src/main/java/adminbasic/controller/AdminBasicInfoController.java:84
ts-admin-basic-info-service,GET,/api/v1/adminbasicservice/adminbasic/trains,AdminBasicInfoController,ts-admin-basic-info-service/src/main/java/adminbasic/controller/AdminBasicInfoController.java:91
ts-admin-basic-info-service,DELETE,/api/v1/adminbasicservice/adminbasic/trains/{id},AdminBasicInfoController,ts-admin-basic-info-service/src/main/java/adminbasic/controller/AdminBasicInfoController.java:98
ts-admin-basic-info-service,PUT,/api/v1/adminbasicservice/adminbasic/trains,AdminBasicInfoController,ts-admin-basic-info-service/src/main/java/adminbasic/controller/AdminBasicInfoController.java:105
ts-admin-basic-info-service,POST,/api/v1/adminbasicservice/adminbasic/trains,AdminBasicInfoController,ts-admin-basic-info-service/src/main/java/adminbasic/controller/AdminBasicInfoController.java:112
ts-admin-basic-info-service,GET,/api/v1/adminbasicservice/adminbasic/configs,AdminBasicInfoController,ts-admin-basic-info-service/src/main/java/adminbasic/controller/AdminBasicInfoController.java:119
ts-admin-basic-info-service,DELETE,/api/v1/adminbasicservice/adminbasic/configs/{name},AdminBasicInfoController,ts-admin-basic-info-service/src/main/java/adminbasic/controller/AdminBasicInfoController.java:126
ts-admin-basic-info-service,PUT,/api/v1/adminbasicservice/adminbasic/configs,AdminBasicInfoController,ts-admin-basic-info-service/src/main/java/adminbasic/controller/AdminBasicInfoController.java:133
ts-admin-basic-info-service,POST,/api/v1/adminbasicservice/adminbasic/configs,AdminBasicInfoController,ts-admin-basic-info-service/src/main/java/adminbasic/controller/AdminBasicInfoController.java:140
ts-admin-basic-info-service,GET,/api/v1/adminbasicservice/adminbasic/prices,AdminBasicInfoController,ts-admin-basic-info-service/src/main/java/adminbasic/controller/AdminBasicInfoController.java:147
ts-admin-basic-info-service,DELETE,/api/v1/adminbasicservice/adminbasic/prices/{pricesId},AdminBasicInfoController,ts-admin-basic-info-service/src/main/java/adminbasic/controller/AdminBasicInfoController.java:154
ts-admin-basic-info-service,PUT,/api/v1/adminbasicservice/adminbasic/prices,AdminBasicInfoController,ts-admin-basic-info-service/src/main/java/adminbasic/controller/AdminBasicInfoController.java:161
ts-admin-basic-info-service,POST,/api/v1/adminbasicservice/adminbasic/prices,AdminBasicInfoController,ts-admin-basic-info-service/src/main/java/adminbasic/controller/AdminBasicInfoController.java:168
ts-admin-order-service,GET,/api/v1/adminorderservice/welcome,AdminOrderController,ts-admin-order-service/src/main/java/adminorder/controller/AdminOrderController.java:26
ts-admin-order-service,GET,/api/v1/adminorderservice/adminorder,AdminOrderController,ts-admin-order-service/src/main/java/adminorder/controller/AdminOrderController.java:32
ts-admin-order-service,POST,/api/v1/adminorderservice/adminorder,AdminOrderController,ts-admin-order-service/src/main/java/adminorder/controller/AdminOrderController.java:38
ts-admin-order-service,PUT,/api/v1/adminorderservice/adminorder,AdminOrderController,ts-admin-order-service/src/main/java/adminorder/controller/AdminOrderController.java:44
ts-admin-order-service,DELETE,/api/v1/adminorderservice/adminorder/{orderId}/{trainNumber},AdminOrderController,ts-admin-order-service/src/main/java/adminorder/controller/AdminOrderController.java:50
ts-admin-route-service,GET,/api/v1/adminrouteservice/welcome,AdminRouteController,ts-admin-route-service/src/main/java/adminroute/controller/AdminRouteController.java:26
ts-admin-route-service,GET,/api/v1/adminrouteservice/adminroute,AdminRouteController,ts-admin-route-service/src/main/java/adminroute/controller/AdminRouteController.java:32
ts-admin-route-service,POST,/api/v1/adminrouteservice/adminroute,AdminRouteController,ts-admin-route-service/src/main/java/adminroute/controller/AdminRouteController.java:38
ts-admin-route-service,DELETE,/api/v1/adminrouteservice/adminroute/{routeId},AdminRouteController,ts-admin-route-service/src/main/java/adminroute/controller/AdminRouteController.java:45
ts-admin-travel-service,GET,/api/v1/admintravelservice/welcome,AdminTravelController,ts-admin-travel-service/src/main/java/admintravel/controller/AdminTravelController.java:25
ts-admin-travel-service,GET,/api/v1/admintravelservice/admintravel,AdminTravelController,ts-admin-travel-service/src/main/java/admintravel/controller/AdminTravelController.java:31
ts-admin-travel-service,POST,/api/v1/admintravelservice/admintravel,AdminTravelController,ts-admin-travel-service/src/main/java/admintravel/controller/AdminTravelController.java:37
ts-admin-travel-service,PUT,/api/v1/admintravelservice/admintravel,AdminTravelController,ts-admin-travel-service/src/main/java/admintravel/controller/AdminTravelController.java:44
ts-admin-travel-service,DELETE,/api/v1/admintravelservice/admintravel/{tripId},AdminTravelController,ts-admin-travel-service/src/main/java/admintravel/controller/AdminTravelController.java:51
ts-admin-user-service,GET,/api/v1/adminuserservice/users/welcome,AdminUserController,ts-admin-user-service/src/main/java/adminuser/controller/AdminUserController.java:25
ts-admin-user-service,GET,/api/v1/adminuserservice/users,AdminUserController,ts-admin-user-service/src/main/java/adminuser/controller/AdminUserController.java:31
ts-admin-user-service,PUT,/api/v1/adminuserservice/users,AdminUserController,ts-admin-user-service/src/main/java/adminuser/controller/AdminUserController.java:37
ts-admin-user-service,POST,/api/v1/adminuserservice/users,AdminUserController,ts-admin-user-service/src/main/java/adminuser/controller/AdminUserController.java:44
ts-admin-user-service,DELETE,/api/v1/adminuserservice/users/{userId},AdminUserController,ts-admin-user-service/src/main/java/adminuser/controller/AdminUserController.java:50
ts-assurance-service,GET,/api/v1/assuranceservice/welcome,AssuranceController,ts-assurance-service/src/main/java/assurance/controller/AssuranceController.java:27
ts-assurance-service,GET,/api/v1/assuranceservice/assurances,AssuranceController,ts-assurance-service/src/main/java/assurance/controller/AssuranceController.java:33
ts-assurance-service,GET,/api/v1/assuranceservice/assurances/types,AssuranceController,ts-assurance-service/src/main/java/assurance/controller/AssuranceController.java:40
ts-assurance-service,DELETE,/api/v1/assuranceservice/assurances/assuranceid/{assuranceId},AssuranceController,ts-assurance-service/src/main/java/assurance/controller/AssuranceController.java:47
ts-assurance-service,DELETE,/api/v1/assuranceservice/assurances/orderid/{orderId},AssuranceController,ts-assurance-service/src/main/java/assurance/controller/AssuranceController.java:54
ts-assurance-service,PATCH,/api/v1/assuranceservice/assurances/{assuranceId}/{orderId}/{typeIndex},AssuranceController,ts-assurance-service/src/main/java/assurance/controller/AssuranceController.java:61
ts-assurance-service,GET,/api/v1/assuranceservice/assurances/{typeIndex}/{orderId},AssuranceController,ts-assurance-service/src/main/java/assurance/controller/AssuranceController.java:72
ts-assurance-service,GET,/api/v1/assuranceservice/assurances/assuranceid/{assuranceId},AssuranceController,ts-assurance-service/src/main/java/assurance/controller/AssuranceController.java:80
ts-assurance-service,GET,/api/v1/assuranceservice/assurance/orderid/{orderId},AssuranceController,ts-assurance-service/src/main/java/assurance/controller/AssuranceController.java:87
ts-auth-service,GET,/api/v1/auth/hello,AuthController,ts-auth-service/src/main/java/auth/controller/AuthController.java:31
ts-auth-service,POST,/api/v1/auth,AuthController,ts-auth-service/src/main/java/auth/controller/AuthController.java:36
ts-auth-service,GET,/api/v1/users/hello,UserController,ts-auth-service/src/main/java/auth/controller/UserController.java:36
ts-auth-service,POST,/api/v1/users/login,UserController,ts-auth-service/src/main/java/auth/controller/UserController.java:41
ts-auth-service,GET,/api/v1/users,UserController,ts-auth-service/src/main/java/auth/controller/UserController.java:53
ts-auth-service,DELETE,/api/v1/users/{userId},UserController,ts-auth-service/src/main/java/auth/controller/UserController.java:59
ts-basic-service,GET,/api/v1/basicservice/welcome,BasicController,ts-basic-service/src/main/java/fdse/microservice/controller/BasicController.java:30
ts-basic-service,POST,/api/v1/basicservice/basic/travel,BasicController,ts-basic-service/src/main/java/fdse/microservice/controller/BasicController.java:35
ts-basic-service,POST,/api/v1/basicservice/basic/travels,BasicController,ts-basic-service/src/main/java/fdse/microservice/controller/BasicController.java:42
ts-basic-service,GET,/api/v1/basicservice/basic/{stationName},BasicController,ts-basic-service/src/main/java/fdse/microservice/controller/BasicController.java:49
ts-cancel-service,GET,/api/v1/cancelservice/welcome,CancelController,ts-cancel-service/src/main/java/cancel/controller/CancelController.java:27
ts-cancel-service,GET,/api/v1/cancelservice/cancel/refound/{orderId},CancelController,ts-cancel-service/src/main/java/cancel/controller/CancelController.java:33
ts-cancel-service,GET,/api/v1/cancelservice/cancel/{orderId}/{loginId},CancelController,ts-cancel-service/src/main/java/cancel/controller/CancelController.java:40
ts-config-service,GET,/api/v1/configservice/welcome,ConfigController,ts-config-service/src/main/java/config/controller/ConfigController.java:30
ts-config-service,GET,/api/v1/configservice/configs,ConfigController,ts-config-service/src/main/java/config/controller/ConfigController.java:36
ts-config-service,POST,/api/v1/configservice/configs,ConfigController,ts-config-service/src/main/java/config/controller/ConfigController.java:43
ts-config-service,PUT,/api/v1/configservice/configs,ConfigController,ts-config-service/src/main/java/config/controller/ConfigController.java:50
ts-config-service,DELETE,/api/v1/configservice/configs/{configName},ConfigController,ts-config-service/src/main/java/config/controller/ConfigController.java:58
ts-config-service,GET,/api/v1/configservice/configs/{configName},ConfigController,ts-config-service/src/main/java/config/controller/ConfigController.java:65
ts-consign-price-service,GET,/api/v1/consignpriceservice/welcome,ConsignPriceController,ts-consign-price-service/src/main/java/consignprice/controller/ConsignPriceController.java:26
ts-consign-price-service,GET,/api/v1/consignpriceservice/consignprice/{weight}/{isWithinRegion},ConsignPriceController,ts-consign-price-service/src/main/java/consignprice/controller/ConsignPriceController.java:31
ts-consign-price-service,GET,/api/v1/consignpriceservice/consignprice/price,ConsignPriceController,ts-consign-price-service/src/main/java/consignprice/controller/ConsignPriceController.java:39
ts-consign-price-service,GET,/api/v1/consignpriceservice/consignprice/config,ConsignPriceController,ts-consign-price-service/src/main/java/consignprice/controller/ConsignPriceController.java:45
ts-consign-price-service,POST,/api/v1/consignpriceservice/consignprice,ConsignPriceController,ts-consign-price-service/src/main/java/consignprice/controller/ConsignPriceController.java:51
ts-consign-service,GET,/api/v1/consignservice/welcome,ConsignController,ts-consign-service/src/main/java/consign/controller/ConsignController.java:28
ts-consign-service,POST,/api/v1/consignservice/consigns,ConsignController,ts-consign-service/src/main/java/consign/controller/ConsignController.java:33
ts-consign-service,PUT,/api/v1/consignservice/consigns,ConsignController,ts-consign-service/src/main/java/consign/controller/ConsignController.java:40
ts-consign-service,GET,/api/v1/consignservice/consigns/account/{id},ConsignController,ts-consign-service/src/main/java/consign/controller/ConsignController.java:46
ts-consign-service,GET,/api/v1/consignservice/consigns/order/{id},ConsignController,ts-consign-service/src/main/java/consign/controller/ConsignController.java:53
ts-consign-service,GET,/api/v1/consignservice/consigns/{consignee},ConsignController,ts-consign-service/src/main/java/consign/controller/ConsignController.java:60
ts-contacts-service,GET,/api/v1/contactservice/contacts/welcome,ContactsController,ts-contacts-service/src/main/java/contacts/controller/ContactsController.java:29
ts-contacts-service,GET,/api/v1/contactservice/contacts,ContactsController,ts-contacts-service/src/main/java/contacts/controller/ContactsController.java:35
ts-contacts-service,POST,/api/v1/contactservice/contacts,ContactsController,ts-contacts-service/src/main/java/contacts/controller/ContactsController.java:42
ts-contacts-service,POST,/api/v1/contactservice/contacts/admin,ContactsController,ts-contacts-service/src/main/java/contacts/controller/ContactsController.java:50
ts-contacts-service,DELETE,/api/v1/contactservice/contacts/{contactsId},ContactsController,ts-contacts-service/src/main/java/contacts/controller/ContactsController.java:59
ts-contacts-service,PUT,/api/v1/contactservice/contacts,ContactsController,ts-contacts-service/src/main/java/contacts/controller/ContactsController.java:66
ts-contacts-service,GET,/api/v1/contactservice/contacts/account/{accountId},ContactsController,ts-contacts-service/src/main/java/contacts/controller/ContactsController.java:73
ts-contacts-service,GET,/api/v1/contactservice/contacts/{id},ContactsController,ts-contacts-service/src/main/java/contacts/controller/ContactsController.java:81
ts-execute-service,GET,/api/v1/executeservice/welcome,ExecuteControlller,ts-execute-service/src/main/java/execute/controller/ExecuteControlller.java:25
ts-execute-service,GET,/api/v1/executeservice/execute/execute/{orderId},ExecuteControlller,ts-execute-service/src/main/java/execute/controller/ExecuteControlller.java:31
ts-execute-service,GET,/api/v1/executeservice/execute/collected/{orderId},ExecuteControlller,ts-execute-service/src/main/java/execute/controller/ExecuteControlller.java:39
ts-food-delivery-service,GET,/api/v1/fooddeliveryservice/welcome,FoodDeliveryController,ts-food-delivery-service/src/main/java/food_delivery/controller/FoodDeliveryController.java:28
ts-food-delivery-service,POST,/api/v1/fooddeliveryservice/orders,FoodDeliveryController,ts-food-delivery-service/src/main/java/food_delivery/controller/FoodDeliveryController.java:34
ts-food-delivery-service,DELETE,/api/v1/fooddeliveryservice/orders/d/{orderId},FoodDeliveryController,ts-food-delivery-service/src/main/java/food_delivery/controller/FoodDeliveryController.java:40
ts-food-delivery-service,GET,/api/v1/fooddeliveryservice/orders/{orderId},FoodDeliveryController,ts-food-delivery-service/src/main/java/food_delivery/controller/FoodDeliveryController.java:46
ts-food-delivery-service,GET,/api/v1/fooddeliveryservice/orders/all,FoodDeliveryController,ts-food-delivery-service/src/main/java/food_delivery/controller/FoodDeliveryController.java:52
ts-food-delivery-service,GET,/api/v1/fooddeliveryservice/orders/store/{storeId},FoodDeliveryController,ts-food-delivery-service/src/main/java/food_delivery/controller/FoodDeliveryController.java:58
ts-food-delivery-service,PUT,/api/v1/fooddeliveryservice/orders/tripid,FoodDeliveryController,ts-food-delivery-service/src/main/java/food_delivery/controller/FoodDeliveryController.java:64
ts-food-delivery-service,PUT,/api/v1/fooddeliveryservice/orders/seatno,FoodDeliveryController,ts-food-delivery-service/src/main/java/food_delivery/controller/FoodDeliveryController.java:70
ts-food-delivery-service,PUT,/api/v1/fooddeliveryservice/orders/dtime,FoodDeliveryController,ts-food-delivery-service/src/main/java/food_delivery/controller/FoodDeliveryController.java:76
ts-food-service,GET,/api/v1/foodservice/welcome,FoodController,ts-food-service/src/main/java/foodsearch/controller/FoodController.java:32
ts-food-service,GET,/api/v1/foodservice/test_send_delivery,FoodController,ts-food-service/src/main/java/foodsearch/controller/FoodController.java:37
ts-food-service,GET,/api/v1/foodservice/orders,FoodController,ts-food-service/src/main/java/foodsearch/controller/FoodController.java:50
ts-food-service,POST,/api/v1/foodservice/orders,FoodController,ts-food-service/src/main/java/foodsearch/controller/FoodController.java:56
ts-food-service,POST,/api/v1/foodservice/createOrderBatch,FoodController,ts-food-service/src/main/java/foodsearch/controller/FoodController.java:62
ts-food-service,PUT,/api/v1/foodservice/orders,FoodController,ts-food-service/src/main/java/foodsearch/controller/FoodController.java:69
ts-food-service,DELETE,/api/v1/foodservice/orders/{orderId},FoodController,ts-food-service/src/main/java/foodsearch/controller/FoodController.java:76
ts-food-service,GET,/api/v1/foodservice/orders/{orderId},FoodController,ts-food-service/src/main/java/foodsearch/controller/FoodController.java:82
ts-food-service,GET,/api/v1/foodservice/foods/{date}/{startStation}/{endStation}/{tripId},FoodController,ts-food-service/src/main/java/foodsearch/controller/FoodController.java:89
ts-inside-payment-service,GET,/api/v1/inside_pay_service/welcome,InsidePaymentController,ts-inside-payment-service/src/main/java/inside_payment/controller/InsidePaymentController.java:26
ts-inside-payment-service,POST,/api/v1/inside_pay_service/inside_payment,InsidePaymentController,ts-inside-payment-service/src/main/java/inside_payment/controller/InsidePaymentController.java:31
ts-inside-payment-service,POST,/api/v1/inside_pay_service/inside_payment/account,InsidePaymentController,ts-inside-payment-service/src/main/java/inside_payment/controller/InsidePaymentController.java:37
ts-inside-payment-service,GET,/api/v1/inside_pay_service/inside_payment/{userId}/{money},InsidePaymentController,ts-inside-payment-service/src/main/java/inside_payment/controller/InsidePaymentController.java:43
ts-inside-payment-service,GET,/api/v1/inside_pay_service/inside_payment/payment,InsidePaymentController,ts-inside-payment-service/src/main/java/inside_payment/controller/InsidePaymentController.java:50
ts-inside-payment-service,GET,/api/v1/inside_pay_service/inside_payment/account,InsidePaymentController,ts-inside-payment-service/src/main/java/inside_payment/controller/InsidePaymentController.java:56
ts-inside-payment-service,GET,/api/v1/inside_pay_service/inside_payment/drawback/{userId}/{money},InsidePaymentController,ts-inside-payment-service/src/main/java/inside_payment/controller/InsidePaymentController.java:62
ts-inside-payment-service,POST,/api/v1/inside_pay_service/inside_payment/difference,InsidePaymentController,ts-inside-payment-service/src/main/java/inside_payment/controller/InsidePaymentController.java:68
ts-inside-payment-service,GET,/api/v1/inside_pay_service/inside_payment/money,InsidePaymentController,ts-inside-payment-service/src/main/java/inside_payment/controller/InsidePaymentController.java:74
ts-notification-service,GET,/api/v1/notifyservice/welcome,NotificationController,ts-notification-service/src/main/java/notification/controller/NotificationController.java:28
ts-notification-service,GET,/api/v1/notifyservice/test_send_mq,NotificationController,ts-notification-service/src/main/java/notification/controller/NotificationController.java:33
ts-notification-service,GET,/api/v1/notifyservice/test_send_mail,NotificationController,ts-notification-service/src/main/java/notification/controller/NotificationController.java:39
ts-notification-service,POST,/api/v1/notifyservice/notification/preserve_success,NotificationController,ts-notification-service/src/main/java/notification/controller/NotificationController.java:57
ts-notification-service,POST,/api/v1/notifyservice/notification/order_create_success,NotificationController,ts-notification-service/src/main/java/notification/controller/NotificationController.java:62
ts-notification-service,POST,/api/v1/notifyservice/notification/order_changed_success,NotificationController,ts-notification-service/src/main/java/notification/controller/NotificationController.java:67
ts-notification-service,POST,/api/v1/notifyservice/notification/order_cancel_success,NotificationController,ts-notification-service/src/main/java/notification/controller/NotificationController.java:72
ts-order-other-service,GET,/api/v1/orderOtherService/welcome,OrderOtherController,ts-order-other-service/src/main/java/other/controller/OrderOtherController.java:33
ts-order-other-service,POST,/api/v1/orderOtherService/orderOther/tickets,OrderOtherController,ts-order-other-service/src/main/java/other/controller/OrderOtherController.java:40
ts-order-other-service,POST,/api/v1/orderOtherService/orderOther,OrderOtherController,ts-order-other-service/src/main/java/other/controller/OrderOtherController.java:47
ts-order-other-service,POST,/api/v1/orderOtherService/orderOther/admin,OrderOtherController,ts-order-other-service/src/main/java/other/controller/OrderOtherController.java:54
ts-order-other-service,POST,/api/v1/orderOtherService/orderOther/query,OrderOtherController,ts-order-other-service/src/main/java/other/controller/OrderOtherController.java:61
ts-order-other-service,POST,/api/v1/orderOtherService/orderOther/refresh,OrderOtherController,ts-order-other-service/src/main/java/other/controller/OrderOtherController.java:70
ts-order-other-service,GET,/api/v1/orderOtherService/orderOther/{travelDate}/{trainNumber},OrderOtherController,ts-order-other-service/src/main/java/other/controller/OrderOtherController.java:79
ts-order-other-service,GET,/api/v1/orderOtherService/orderOther/price/{orderId},OrderOtherController,ts-order-other-service/src/main/java/other/controller/OrderOtherController.java:87
ts-order-other-service,GET,/api/v1/orderOtherService/orderOther/orderPay/{orderId},OrderOtherController,ts-order-other-service/src/main/java/other/controller/OrderOtherController.java:94
ts-order-other-service,GET,/api/v1/orderOtherService/orderOther/{orderId},OrderOtherController,ts-order-other-service/src/main/java/other/controller/OrderOtherController.java:101
ts-order-other-service,GET,/api/v1/orderOtherService/orderOther/status/{orderId}/{status},OrderOtherController,ts-order-other-service/src/main/java/other/controller/OrderOtherController.java:108
ts-order-other-service,GET,/api/v1/orderOtherService/orderOther/security/{checkDate}/{accountId},OrderOtherController,ts-order-other-service/src/main/java/other/controller/OrderOtherController.java:115
ts-order-other-service,PUT,/api/v1/orderOtherService/orderOther,OrderOtherController,ts-order-other-service/src/main/java/other/controller/OrderOtherController.java:123
ts-order-other-service,PUT,/api/v1/orderOtherService/orderOther/admin,OrderOtherController,ts-order-other-service/src/main/java/other/controller/OrderOtherController.java:132
ts-order-other-service,DELETE,/api/v1/orderOtherService/orderOther/{orderId},OrderOtherController,ts-order-other-service/src/main/java/other/controller/OrderOtherController.java:139
ts-order-other-service,GET,/api/v1/orderOtherService/orderOther,OrderOtherController,ts-order-other-service/src/main/java/other/controller/OrderOtherController.java:148
ts-order-service,GET,/api/v1/orderservice/welcome,OrderController,ts-order-service/src/main/java/order/controller/OrderController.java:30
ts-order-service,POST,/api/v1/orderservice/order/tickets,OrderController,ts-order-service/src/main/java/order/controller/OrderController.java:37
ts-order-service,POST,/api/v1/orderservice/order,OrderController,ts-order-service/src/main/java/order/controller/OrderController.java:44
ts-order-service,POST,/api/v1/orderservice/order/admin,OrderController,ts-order-service/src/main/java/order/controller/OrderController.java:51
ts-order-service,POST,/api/v1/orderservice/order/query,OrderController,ts-order-service/src/main/java/order/controller/OrderController.java:57
ts-order-service,POST,/api/v1/orderservice/order/refresh,OrderController,ts-order-service/src/main/java/order/controller/OrderController.java:65
ts-order-service,GET,/api/v1/orderservice/order/{travelDate}/{trainNumber},OrderController,ts-order-service/src/main/java/order/controller/OrderController.java:73
ts-order-service,GET,/api/v1/orderservice/order/price/{orderId},OrderController,ts-order-service/src/main/java/order/controller/OrderController.java:81
ts-order-service,GET,/api/v1/orderservice/order/orderPay/{orderId},OrderController,ts-order-service/src/main/java/order/controller/OrderController.java:90
ts-order-service,GET,/api/v1/orderservice/order/{orderId},OrderController,ts-order-service/src/main/java/order/controller/OrderController.java:98
ts-order-service,GET,/api/v1/orderservice/order/status/{orderId}/{status},OrderController,ts-order-service/src/main/java/order/controller/OrderController.java:106
ts-order-service,GET,/api/v1/orderservice/order/security/{checkDate}/{accountId},OrderController,ts-order-service/src/main/java/order/controller/OrderController.java:115
ts-order-service,PUT,/api/v1/orderservice/order,OrderController,ts-order-service/src/main/java/order/controller/OrderController.java:124
ts-order-service,PUT,/api/v1/orderservice/order/admin,OrderController,ts-order-service/src/main/java/order/controller/OrderController.java:133
ts-order-service,DELETE,/api/v1/orderservice/order/{orderId},OrderController,ts-order-service/src/main/java/order/controller/OrderController.java:142
ts-order-service,GET,/api/v1/orderservice/order,OrderController,ts-order-service/src/main/java/order/controller/OrderController.java:152
ts-payment-service,GET,/api/v1/paymentservice/welcome,PaymentController,ts-payment-service/src/main/java/com/trainticket/controller/PaymentController.java:27
ts-payment-service,POST,/api/v1/paymentservice/payment,PaymentController,ts-payment-service/src/main/java/com/trainticket/controller/PaymentController.java:32
ts-payment-service,POST,/api/v1/paymentservice/payment/money,PaymentController,ts-payment-service/src/main/java/com/trainticket/controller/PaymentController.java:38
ts-payment-service,GET,/api/v1/paymentservice/payment,PaymentController,ts-payment-service/src/main/java/com/trainticket/controller/PaymentController.java:44
ts-preserve-other-service,GET,/api/v1/preserveotherservice/welcome,PreserveOtherController,ts-preserve-other-service/src/main/java/preserveOther/controller/PreserveOtherController.java:26
ts-preserve-other-service,POST,/api/v1/preserveotherservice/preserveOther,PreserveOtherController,ts-preserve-other-service/src/main/java/preserveOther/controller/PreserveOtherController.java:32
ts-preserve-service,GET,/api/v1/preserveservice/welcome,PreserveController,ts-preserve-service/src/main/java/preserve/controller/PreserveController.java:26
ts-preserve-service,POST,/api/v1/preserveservice/preserve,PreserveController,ts-preserve-service/src/main/java/preserve/controller/PreserveController.java:32
ts-price-service,GET,/api/v1/priceservice/prices/welcome,PriceController,ts-price-service/src/main/java/price/controller/PriceController.java:31
ts-price-service,GET,/api/v1/priceservice/prices/{routeId}/{trainType},PriceController,ts-price-service/src/main/java/price/controller/PriceController.java:36
ts-price-service,POST,/api/v1/priceservice/prices/byRouteIdsAndTrainTypes,PriceController,ts-price-service/src/main/java/price/controller/PriceController.java:43
ts-price-service,GET,/api/v1/priceservice/prices,PriceController,ts-price-service/src/main/java/price/controller/PriceController.java:50
ts-price-service,POST,/api/v1/priceservice/prices,PriceController,ts-price-service/src/main/java/price/controller/PriceController.java:56
ts-price-service,DELETE,/api/v1/priceservice/prices/{pricesId},PriceController,ts-price-service/src/main/java/price/controller/PriceController.java:63
ts-price-service,PUT,/api/v1/priceservice/prices,PriceController,ts-price-service/src/main/java/price/controller/PriceController.java:69
ts-rebook-service,GET,/api/v1/rebookservice/welcome,RebookController,ts-rebook-service/src/main/java/rebook/controller/RebookController.java:26
ts-rebook-service,POST,/api/v1/rebookservice/rebook/difference,RebookController,ts-rebook-service/src/main/java/rebook/controller/RebookController.java:31
ts-rebook-service,POST,/api/v1/rebookservice/rebook,RebookController,ts-rebook-service/src/main/java/rebook/controller/RebookController.java:38
ts-route-plan-service,GET,/api/v1/routeplanservice/welcome,RoutePlanController,ts-route-plan-service/src/main/java/plan/controller/RoutePlanController.java:25
ts-route-plan-service,POST,/api/v1/routeplanservice/routePlan/cheapestRoute,RoutePlanController,ts-route-plan-service/src/main/java/plan/controller/RoutePlanController.java:30
ts-route-plan-service,POST,/api/v1/routeplanservice/routePlan/quickestRoute,RoutePlanController,ts-route-plan-service/src/main/java/plan/controller/RoutePlanController.java:36
ts-route-plan-service,POST,/api/v1/routeplanservice/routePlan/minStopStations,RoutePlanController,ts-route-plan-service/src/main/java/plan/controller/RoutePlanController.java:42
ts-route-service,GET,/api/v1/routeservice/welcome,RouteController,ts-route-service/src/main/java/route/controller/RouteController.java:28
ts-route-service,POST,/api/v1/routeservice/routes,RouteController,ts-route-service/src/main/java/route/controller/RouteController.java:33
ts-route-service,DELETE,/api/v1/routeservice/routes/{routeId},RouteController,ts-route-service/src/main/java/route/controller/RouteController.java:39
ts-route-service,GET,/api/v1/routeservice/routes/{routeId},RouteController,ts-route-service/src/main/java/route/controller/RouteController.java:45
ts-route-service,POST,/api/v1/routeservice/routes/byIds,RouteController,ts-route-service/src/main/java/route/controller/RouteController.java:51
ts-route-service,GET,/api/v1/routeservice/routes,RouteController,ts-route-service/src/main/java/route/controller/RouteController.java:57
ts-route-service,GET,/api/v1/routeservice/routes/{start}/{end},RouteController,ts-route-service/src/main/java/route/controller/RouteController.java:63
ts-seat-service,GET,/api/v1/seatservice/welcome,SeatController,ts-seat-service/src/main/java/seat/controller/SeatController.java:26
ts-seat-service,POST,/api/v1/seatservice/seats,SeatController,ts-seat-service/src/main/java/seat/controller/SeatController.java:39
ts-seat-service,POST,/api/v1/seatservice/seats/left_tickets,SeatController,ts-seat-service/src/main/java/seat/controller/SeatController.java:54
ts-security-service,GET,/api/v1/securityservice/welcome,SecurityController,ts-security-service/src/main/java/security/controller/SecurityController.java:26
ts-security-service,GET,/api/v1/securityservice/securityConfigs,SecurityController,ts-security-service/src/main/java/security/controller/SecurityController.java:32
ts-security-service,POST,/api/v1/securityservice/securityConfigs,SecurityController,ts-security-service/src/main/java/security/controller/SecurityController.java:39
ts-security-service,PUT,/api/v1/securityservice/securityConfigs,SecurityController,ts-security-service/src/main/java/security/controller/SecurityController.java:46
ts-security-service,DELETE,/api/v1/securityservice/securityConfigs/{id},SecurityController,ts-security-service/src/main/java/security/controller/SecurityController.java:53
ts-security-service,GET,/api/v1/securityservice/securityConfigs/{accountId},SecurityController,ts-security-service/src/main/java/security/controller/SecurityController.java:60
ts-station-food-service,GET,/api/v1/stationfoodservice/stationfoodstores/welcome,StationFoodController,ts-station-food-service/src/main/java/food/controller/StationFoodController.java:24
ts-station-food-service,GET,/api/v1/stationfoodservice/stationfoodstores,StationFoodController,ts-station-food-service/src/main/java/food/controller/StationFoodController.java:30
ts-station-food-service,GET,/api/v1/stationfoodservice/stationfoodstores/{stationId},StationFoodController,ts-station-food-service/src/main/java/food/controller/StationFoodController.java:37
ts-station-food-service,POST,/api/v1/stationfoodservice/stationfoodstores,StationFoodController,ts-station-food-service/src/main/java/food/controller/StationFoodController.java:44
ts-station-food-service,GET,/api/v1/stationfoodservice/stationfoodstores/bystoreid/{stationFoodStoreId},StationFoodController,ts-station-food-service/src/main/java/food/controller/StationFoodController.java:49
ts-station-service,GET,/api/v1/stationservice/welcome,StationController,ts-station-service/src/main/java/fdse/microservice/controller/StationController.java:28
ts-station-service,GET,/api/v1/stationservice/stations,StationController,ts-station-service/src/main/java/fdse/microservice/controller/StationController.java:33
ts-station-service,POST,/api/v1/stationservice/stations,StationController,ts-station-service/src/main/java/fdse/microservice/controller/StationController.java:38
ts-station-service,PUT,/api/v1/stationservice/stations,StationController,ts-station-service/src/main/java/fdse/microservice/controller/StationController.java:44
ts-station-service,DELETE,/api/v1/stationservice/stations/{stationsId},StationController,ts-station-service/src/main/java/fdse/microservice/controller/StationController.java:50
ts-station-service,GET,/api/v1/stationservice/stations/id/{stationNameForId},StationController,ts-station-service/src/main/java/fdse/microservice/controller/StationController.java:59
ts-station-service,POST,/api/v1/stationservice/stations/idlist,StationController,ts-station-service/src/main/java/fdse/microservice/controller/StationController.java:69
ts-station-service,GET,/api/v1/stationservice/stations/name/{stationIdForName},StationController,ts-station-service/src/main/java/fdse/microservice/controller/StationController.java:77
ts-station-service,POST,/api/v1/stationservice/stations/namelist,StationController,ts-station-service/src/main/java/fdse/microservice/controller/StationController.java:87
ts-train-food-service,GET,/api/v1/trainfoodservice/trainfoods/welcome,TrainFoodController,ts-train-food-service/src/main/java/trainFood/controller/TrainFoodController.java:22
ts-train-food-service,GET,/api/v1/trainfoodservice/trainfoods,TrainFoodController,ts-train-food-service/src/main/java/trainFood/controller/TrainFoodController.java:28
ts-train-food-service,GET,/api/v1/trainfoodservice/trainfoods/{tripId},TrainFoodController,ts-train-food-service/src/main/java/trainFood/controller/TrainFoodController.java:35
ts-train-service,GET,/api/v1/trainservice/trains/welcome,TrainController,ts-train-service/src/main/java/train/controller/TrainController.java:28
ts-train-service,POST,/api/v1/trainservice/trains,TrainController,ts-train-service/src/main/java/train/controller/TrainController.java:34
ts-train-service,GET,/api/v1/trainservice/trains/{id},TrainController,ts-train-service/src/main/java/train/controller/TrainController.java:46
ts-train-service,GET,/api/v1/trainservice/trains/byName/{name},TrainController,ts-train-service/src/main/java/train/controller/TrainController.java:58
ts-train-service,POST,/api/v1/trainservice/trains/byNames,TrainController,ts-train-service/src/main/java/train/controller/TrainController.java:70
ts-train-service,PUT,/api/v1/trainservice/trains,TrainController,ts-train-service/src/main/java/train/controller/TrainController.java:82
ts-train-service,DELETE,/api/v1/trainservice/trains/{id},TrainController,ts-train-service/src/main/java/train/controller/TrainController.java:94
ts-train-service,GET,/api/v1/trainservice/trains,TrainController,ts-train-service/src/main/java/train/controller/TrainController.java:106
ts-travel-plan-service,GET,/api/v1/travelplanservice/welcome,TravelPlanController,ts-travel-plan-service/src/main/java/travelplan/controller/TravelPlanController.java:27
ts-travel-plan-service,POST,/api/v1/travelplanservice/travelPlan/transferResult,TravelPlanController,ts-travel-plan-service/src/main/java/travelplan/controller/TravelPlanController.java:32
ts-travel-plan-service,POST,/api/v1/travelplanservice/travelPlan/cheapest,TravelPlanController,ts-travel-plan-service/src/main/java/travelplan/controller/TravelPlanController.java:38
ts-travel-plan-service,POST,/api/v1/travelplanservice/travelPlan/quickest,TravelPlanController,ts-travel-plan-service/src/main/java/travelplan/controller/TravelPlanController.java:44
ts-travel-plan-service,POST,/api/v1/travelplanservice/travelPlan/minStation,TravelPlanController,ts-travel-plan-service/src/main/java/travelplan/controller/TravelPlanController.java:50
ts-travel-service,GET,/api/v1/travelservice/welcome,TravelController,ts-travel-service/src/main/java/travel/controller/TravelController.java:37
ts-travel-service,GET,/api/v1/travelservice/train_types/{tripId},TravelController,ts-travel-service/src/main/java/travel/controller/TravelController.java:42
ts-travel-service,GET,/api/v1/travelservice/routes/{tripId},TravelController,ts-travel-service/src/main/java/travel/controller/TravelController.java:50
ts-travel-service,POST,/api/v1/travelservice/trips/routes,TravelController,ts-travel-service/src/main/java/travel/controller/TravelController.java:58
ts-travel-service,POST,/api/v1/travelservice/trips,TravelController,ts-travel-service/src/main/java/travel/controller/TravelController.java:67
ts-travel-service,GET,/api/v1/travelservice/trips/{tripId},TravelController,ts-travel-service/src/main/java/travel/controller/TravelController.java:82
ts-travel-service,PUT,/api/v1/travelservice/trips,TravelController,ts-travel-service/src/main/java/travel/controller/TravelController.java:90
ts-travel-service,DELETE,/api/v1/travelservice/trips/{tripId},TravelController,ts-travel-service/src/main/java/travel/controller/TravelController.java:98
ts-travel-service,POST,/api/v1/travelservice/trips/left,TravelController,ts-travel-service/src/main/java/travel/controller/TravelController.java:113
ts-travel-service,POST,/api/v1/travelservice/trips/left_parallel,TravelController,ts-travel-service/src/main/java/travel/controller/TravelController.java:134
ts-travel-service,POST,/api/v1/travelservice/trip_detail,TravelController,ts-travel-service/src/main/java/travel/controller/TravelController.java:155
ts-travel-service,GET,/api/v1/travelservice/trips,TravelController,ts-travel-service/src/main/java/travel/controller/TravelController.java:164
ts-travel-service,GET,/api/v1/travelservice/admin_trip,TravelController,ts-travel-service/src/main/java/travel/controller/TravelController.java:172
ts-travel2-service,GET,/api/v1/travel2service/welcome,Travel2Controller,ts-travel2-service/src/main/java/travel2/controller/Travel2Controller.java:30
ts-travel2-service,GET,/api/v1/travel2service/train_types/{tripId},Travel2Controller,ts-travel2-service/src/main/java/travel2/controller/Travel2Controller.java:35
ts-travel2-service,GET,/api/v1/travel2service/routes/{tripId},Travel2Controller,ts-travel2-service/src/main/java/travel2/controller/Travel2Controller.java:43
ts-travel2-service,POST,/api/v1/travel2service/trips/routes,Travel2Controller,ts-travel2-service/src/main/java/travel2/controller/Travel2Controller.java:51
ts-travel2-service,POST,/api/v1/travel2service/trips,Travel2Controller,ts-travel2-service/src/main/java/travel2/controller/Travel2Controller.java:60
ts-travel2-service,GET,/api/v1/travel2service/trips/{tripId},Travel2Controller,ts-travel2-service/src/main/java/travel2/controller/Travel2Controller.java:75
ts-travel2-service,PUT,/api/v1/travel2service/trips,Travel2Controller,ts-travel2-service/src/main/java/travel2/controller/Travel2Controller.java:83
ts-travel2-service,DELETE,/api/v1/travel2service/trips/{tripId},Travel2Controller,ts-travel2-service/src/main/java/travel2/controller/Travel2Controller.java:91
ts-travel2-service,POST,/api/v1/travel2service/trips/left,Travel2Controller,ts-travel2-service/src/main/java/travel2/controller/Travel2Controller.java:106
ts-travel2-service,POST,/api/v1/travel2service/trip_detail,Travel2Controller,ts-travel2-service/src/main/java/travel2/controller/Travel2Controller.java:127
ts-travel2-service,GET,/api/v1/travel2service/trips,Travel2Controller,ts-travel2-service/src/main/java/travel2/controller/Travel2Controller.java:134
ts-travel2-service,GET,/api/v1/travel2service/admin_trip,Travel2Controller,ts-travel2-service/src/main/java/travel2/controller/Travel2Controller.java:142
ts-user-service,GET,/api/v1/userservice/users/hello,UserController,ts-user-service/src/main/java/user/controller/UserController.java:30
ts-user-service,GET,/api/v1/userservice/users,UserController,ts-user-service/src/main/java/user/controller/UserController.java:35
ts-user-service,GET,/api/v1/userservice/users/{userName},UserController,ts-user-service/src/main/java/user/controller/UserController.java:41
ts-user-service,GET,/api/v1/userservice/users/id/{userId},UserController,ts-user-service/src/main/java/user/controller/UserController.java:46
ts-user-service,POST,/api/v1/userservice/users/register,UserController,ts-user-service/src/main/java/user/controller/UserController.java:52
ts-user-service,DELETE,/api/v1/userservice/users/{userId},UserController,ts-user-service/src/main/java/user/controller/UserController.java:59
ts-user-service,PUT,/api/v1/userservice/users,UserController,ts-user-service/src/main/java/user/controller/UserController.java:67
ts-verification-code-service,GET,/api/v1/verifycode/generate,VerifyCodeController,ts-verification-code-service/src/main/java/verifycode/controller/VerifyCodeController.java:29
ts-verification-code-service,GET,/api/v1/verifycode/verify/{verifyCode},VerifyCodeController,ts-verification-code-service/src/main/java/verifycode/controller/VerifyCodeController.java:48
ts-wait-order-service,GET,/api/v1/waitorderservice/welcome,WaitListOrderController,ts-wait-order-service/src/main/java/waitorder/controller/WaitListOrderController.java:28
ts-wait-order-service,POST,/api/v1/waitorderservice/order,WaitListOrderController,ts-wait-order-service/src/main/java/waitorder/controller/WaitListOrderController.java:33
ts-wait-order-service,GET,/api/v1/waitorderservice/orders,WaitListOrderController,ts-wait-order-service/src/main/java/waitorder/controller/WaitListOrderController.java:39
ts-wait-order-service,GET,/api/v1/waitorderservice/waitlistorders,WaitListOrderController,ts-wait-order-service/src/main/java/waitorder/controller/WaitListOrderController.java:45
