caller,callee,http_method,url_or_path,resolution,evidence
ts-admin-basic-info-service,ts-contacts-service,GET,/api/v1/contactservice/contacts,local URL-variable analysis,ts-admin-basic-info-service/src/main/java/adminbasic/service/AdminBasicInfoServiceImpl.java:45
ts-admin-basic-info-service,ts-contacts-service,DELETE,/api/v1/contactservice/contacts/,local URL-variable analysis,ts-admin-basic-info-service/src/main/java/adminbasic/service/AdminBasicInfoServiceImpl.java:60
ts-admin-basic-info-service,ts-contacts-service,PUT,/api/v1/contactservice/contacts,local URL-variable analysis,ts-admin-basic-info-service/src/main/java/adminbasic/service/AdminBasicInfoServiceImpl.java:75
ts-admin-basic-info-service,ts-contacts-service,POST,/api/v1/contactservice/contacts/admin,local URL-variable analysis,ts-admin-basic-info-service/src/main/java/adminbasic/service/AdminBasicInfoServiceImpl.java:91
ts-admin-basic-info-service,ts-station-service,GET,/api/v1/stationservice/stations,local URL-variable analysis,ts-admin-basic-info-service/src/main/java/adminbasic/service/AdminBasicInfoServiceImpl.java:104
ts-admin-basic-info-service,ts-station-service,POST,/api/v1/stationservice/stations,local URL-variable analysis,ts-admin-basic-info-service/src/main/java/adminbasic/service/AdminBasicInfoServiceImpl.java:121
ts-admin-basic-info-service,ts-station-service,DELETE,/api/v1/stationservice/stations/,local URL-variable analysis,ts-admin-basic-info-service/src/main/java/adminbasic/service/AdminBasicInfoServiceImpl.java:136
ts-admin-basic-info-service,ts-station-service,PUT,/api/v1/stationservice/stations,local URL-variable analysis,ts-admin-basic-info-service/src/main/java/adminbasic/service/AdminBasicInfoServiceImpl.java:151
ts-admin-basic-info-service,ts-train-service,GET,/api/v1/trainservice/trains,local URL-variable analysis,ts-admin-basic-info-service/src/main/java/adminbasic/service/AdminBasicInfoServiceImpl.java:167
ts-admin-basic-info-service,ts-train-service,POST,/api/v1/trainservice/trains,local URL-variable analysis,ts-admin-basic-info-service/src/main/java/adminbasic/service/AdminBasicInfoServiceImpl.java:183
ts-admin-basic-info-service,ts-train-service,DELETE,/api/v1/trainservice/trains/,local URL-variable analysis,ts-admin-basic-info-service/src/main/java/adminbasic/service/AdminBasicInfoServiceImpl.java:200
ts-admin-basic-info-service,ts-train-service,PUT,/api/v1/trainservice/trains,local URL-variable analysis,ts-admin-basic-info-service/src/main/java/adminbasic/service/AdminBasicInfoServiceImpl.java:213
ts-admin-basic-info-service,ts-config-service,GET,/api/v1/configservice/configs,local URL-variable analysis,ts-admin-basic-info-service/src/main/java/adminbasic/service/AdminBasicInfoServiceImpl.java:227
ts-admin-basic-info-service,ts-config-service,POST,/api/v1/configservice/configs,local URL-variable analysis,ts-admin-basic-info-service/src/main/java/adminbasic/service/AdminBasicInfoServiceImpl.java:241
ts-admin-basic-info-service,ts-config-service,DELETE,/api/v1/configservice/configs/,local URL-variable analysis,ts-admin-basic-info-service/src/main/java/adminbasic/service/AdminBasicInfoServiceImpl.java:255
ts-admin-basic-info-service,ts-config-service,PUT,/api/v1/configservice/configs,local URL-variable analysis,ts-admin-basic-info-service/src/main/java/adminbasic/service/AdminBasicInfoServiceImpl.java:266
ts-admin-basic-info-service,ts-price-service,GET,/api/v1/priceservice/prices,local URL-variable analysis,ts-admin-basic-info-service/src/main/java/adminbasic/service/AdminBasicInfoServiceImpl.java:279
ts-admin-basic-info-service,ts-price-service,POST,/api/v1/priceservice/prices,local URL-variable analysis,ts-admin-basic-info-service/src/main/java/adminbasic/service/AdminBasicInfoServiceImpl.java:292
ts-admin-basic-info-service,ts-price-service,DELETE,/api/v1/priceservice/prices/,local URL-variable analysis,ts-admin-basic-info-service/src/main/java/adminbasic/service/AdminBasicInfoServiceImpl.java:306
ts-admin-basic-info-service,ts-price-service,PUT,/api/v1/priceservice/prices,local URL-variable analysis,ts-admin-basic-info-service/src/main/java/adminbasic/service/AdminBasicInfoServiceImpl.java:320
ts-admin-order-service,ts-order-service,GET,/api/v1/orderservice/order,local URL-variable analysis,ts-admin-order-service/src/main/java/adminorder/service/AdminOrderServiceImpl.java:49
ts-admin-order-service,ts-order-service,DELETE,/api/v1/orderservice/order/,local URL-variable analysis,ts-admin-order-service/src/main/java/adminorder/service/AdminOrderServiceImpl.java:94
ts-admin-order-service,ts-order-service,PUT,/api/v1/orderservice/order/admin,local URL-variable analysis,ts-admin-order-service/src/main/java/adminorder/service/AdminOrderServiceImpl.java:127
ts-admin-order-service,ts-order-service,POST,/api/v1/orderservice/order/admin,local URL-variable analysis,ts-admin-order-service/src/main/java/adminorder/service/AdminOrderServiceImpl.java:158
ts-admin-order-service,ts-order-other-service,GET,/api/v1/orderOtherService/orderOther,local URL-variable analysis,ts-admin-order-service/src/main/java/adminorder/service/AdminOrderServiceImpl.java:67
ts-admin-order-service,ts-order-other-service,DELETE,/api/v1/orderOtherService/orderOther/,local URL-variable analysis,ts-admin-order-service/src/main/java/adminorder/service/AdminOrderServiceImpl.java:105
ts-admin-order-service,ts-order-other-service,PUT,/api/v1/orderOtherService/orderOther/admin,local URL-variable analysis,ts-admin-order-service/src/main/java/adminorder/service/AdminOrderServiceImpl.java:138
ts-admin-order-service,ts-order-other-service,POST,/api/v1/orderOtherService/orderOther/admin,local URL-variable analysis,ts-admin-order-service/src/main/java/adminorder/service/AdminOrderServiceImpl.java:169
ts-admin-route-service,ts-route-service,GET,/api/v1/routeservice/routes,local URL-variable analysis,ts-admin-route-service/src/main/java/adminroute/service/AdminRouteServiceImpl.java:41
ts-admin-route-service,ts-route-service,POST,/api/v1/routeservice/routes,local URL-variable analysis,ts-admin-route-service/src/main/java/adminroute/service/AdminRouteServiceImpl.java:71
ts-admin-route-service,ts-route-service,DELETE,/api/v1/routeservice/routes/,local URL-variable analysis,ts-admin-route-service/src/main/java/adminroute/service/AdminRouteServiceImpl.java:88
ts-admin-route-service,ts-station-service,POST,/api/v1/stationservice/stations/idlist,local URL-variable analysis,ts-admin-route-service/src/main/java/adminroute/service/AdminRouteServiceImpl.java:104
ts-admin-travel-service,ts-travel-service,GET,/api/v1/travelservice/admin_trip,local URL-variable analysis,ts-admin-travel-service/src/main/java/admintravel/service/AdminTravelServiceImpl.java:50
ts-admin-travel-service,ts-travel-service,POST,/api/v1/travelservice/trips,local URL-variable analysis,ts-admin-travel-service/src/main/java/admintravel/service/AdminTravelServiceImpl.java:102
ts-admin-travel-service,ts-travel-service,PUT,/api/v1/travelservice/trips,local URL-variable analysis,ts-admin-travel-service/src/main/java/admintravel/service/AdminTravelServiceImpl.java:137
ts-admin-travel-service,ts-travel-service,DELETE,/api/v1/travelservice/trips/,local URL-variable analysis,ts-admin-travel-service/src/main/java/admintravel/service/AdminTravelServiceImpl.java:166
ts-admin-travel-service,ts-travel2-service,GET,/api/v1/travel2service/admin_trip,local URL-variable analysis,ts-admin-travel-service/src/main/java/admintravel/service/AdminTravelServiceImpl.java:68
ts-admin-travel-service,ts-travel2-service,POST,/api/v1/travel2service/trips,local URL-variable analysis,ts-admin-travel-service/src/main/java/admintravel/service/AdminTravelServiceImpl.java:104
ts-admin-travel-service,ts-travel2-service,PUT,/api/v1/travel2service/trips,local URL-variable analysis,ts-admin-travel-service/src/main/java/admintravel/service/AdminTravelServiceImpl.java:139
ts-admin-travel-service,ts-travel2-service,DELETE,/api/v1/travel2service/trips/,local URL-variable analysis,ts-admin-travel-service/src/main/java/admintravel/service/AdminTravelServiceImpl.java:168
ts-admin-travel-service,ts-station-service,POST,/api/v1/stationservice/stations/idlist,local URL-variable analysis,ts-admin-travel-service/src/main/java/admintravel/service/AdminTravelServiceImpl.java:234
ts-admin-travel-service,ts-train-service,GET,/api/v1/trainservice/trains/byName/,local URL-variable analysis,ts-admin-travel-service/src/main/java/admintravel/service/AdminTravelServiceImpl.java:261
ts-admin-travel-service,ts-route-service,GET,/api/v1/routeservice/routes/,local URL-variable analysis,ts-admin-travel-service/src/main/java/admintravel/service/AdminTravelServiceImpl.java:275
ts-admin-user-service,ts-user-service,GET,/api/v1/userservice/users,local URL-variable analysis,ts-admin-user-service/src/main/java/adminuser/service/AdminUserServiceImpl.java:34
ts-admin-user-service,ts-user-service,GET,/api/v1/userservice/users,local URL-variable analysis,ts-admin-user-service/src/main/java/adminuser/service/AdminUserServiceImpl.java:44
ts-admin-user-service,ts-user-service,DELETE,/api/v1/userservice/users,local URL-variable analysis,ts-admin-user-service/src/main/java/adminuser/service/AdminUserServiceImpl.java:69
ts-admin-user-service,ts-user-service,PUT,/api/v1/userservice/users,local URL-variable analysis,ts-admin-user-service/src/main/java/adminuser/service/AdminUserServiceImpl.java:93
ts-admin-user-service,ts-user-service,POST,/api/v1/userservice/users,local URL-variable analysis,ts-admin-user-service/src/main/java/adminuser/service/AdminUserServiceImpl.java:114
ts-auth-service,ts-verification-code-service,GET,/api/v1/verifycode/verify/,local URL-variable analysis,ts-auth-service/src/main/java/auth/service/impl/TokenServiceImpl.java:68
ts-basic-service,ts-station-service,GET,/api/v1/stationservice/stations/id/,local URL-variable analysis,ts-basic-service/src/main/java/fdse/microservice/service/BasicServiceImpl.java:329
ts-basic-service,ts-station-service,POST,/api/v1/stationservice/stations/idlist,local URL-variable analysis,ts-basic-service/src/main/java/fdse/microservice/service/BasicServiceImpl.java:346
ts-basic-service,ts-station-service,GET,/api/v1/stationservice/stations/id/,local URL-variable analysis,ts-basic-service/src/main/java/fdse/microservice/service/BasicServiceImpl.java:363
ts-basic-service,ts-train-service,POST,/api/v1/trainservice/trains/byNames,local URL-variable analysis,ts-basic-service/src/main/java/fdse/microservice/service/BasicServiceImpl.java:377
ts-basic-service,ts-train-service,GET,/api/v1/trainservice/trains/byName/,local URL-variable analysis,ts-basic-service/src/main/java/fdse/microservice/service/BasicServiceImpl.java:394
ts-basic-service,ts-route-service,POST,/api/v1/routeservice/routes/byIds/,local URL-variable analysis,ts-basic-service/src/main/java/fdse/microservice/service/BasicServiceImpl.java:408
ts-basic-service,ts-route-service,GET,/api/v1/routeservice/routes/,local URL-variable analysis,ts-basic-service/src/main/java/fdse/microservice/service/BasicServiceImpl.java:428
ts-basic-service,ts-price-service,GET,/api/v1/priceservice/prices/,local URL-variable analysis,ts-basic-service/src/main/java/fdse/microservice/service/BasicServiceImpl.java:447
ts-basic-service,ts-price-service,POST,/api/v1/priceservice/prices/byRouteIdsAndTrainTypes,local URL-variable analysis,ts-basic-service/src/main/java/fdse/microservice/service/BasicServiceImpl.java:462
ts-cancel-service,ts-notification-service,POST,/api/v1/notifyservice/notification/order_cancel_success,local URL-variable analysis,ts-cancel-service/src/main/java/cancel/service/CancelServiceImpl.java:149
ts-cancel-service,ts-order-service,PUT,/api/v1/orderservice/order,local URL-variable analysis,ts-cancel-service/src/main/java/cancel/service/CancelServiceImpl.java:246
ts-cancel-service,ts-order-service,GET,/api/v1/orderservice/order/,local URL-variable analysis,ts-cancel-service/src/main/java/cancel/service/CancelServiceImpl.java:314
ts-cancel-service,ts-order-other-service,PUT,/api/v1/orderOtherService/orderOther,local URL-variable analysis,ts-cancel-service/src/main/java/cancel/service/CancelServiceImpl.java:270
ts-cancel-service,ts-order-other-service,GET,/api/v1/orderOtherService/orderOther/,local URL-variable analysis,ts-cancel-service/src/main/java/cancel/service/CancelServiceImpl.java:328
ts-cancel-service,ts-inside-payment-service,GET,/api/v1/inside_pay_service/inside_payment/drawback/,local URL-variable analysis,ts-cancel-service/src/main/java/cancel/service/CancelServiceImpl.java:285
ts-cancel-service,ts-user-service,GET,/api/v1/userservice/users/id/,local URL-variable analysis,ts-cancel-service/src/main/java/cancel/service/CancelServiceImpl.java:300
ts-consign-service,ts-consign-price-service,GET,/api/v1/consignpriceservice/consignprice/,local URL-variable analysis,ts-consign-service/src/main/java/consign/service/ConsignServiceImpl.java:68
ts-consign-service,ts-consign-price-service,GET,/api/v1/consignpriceservice/consignprice/,local URL-variable analysis,ts-consign-service/src/main/java/consign/service/ConsignServiceImpl.java:101
ts-execute-service,ts-order-service,GET,/api/v1/orderservice/order/status/,local URL-variable analysis,ts-execute-service/src/main/java/execute/serivce/ExecuteServiceImpl.java:142
ts-execute-service,ts-order-service,GET,/api/v1/orderservice/order/,local URL-variable analysis,ts-execute-service/src/main/java/execute/serivce/ExecuteServiceImpl.java:169
ts-execute-service,ts-order-other-service,GET,/api/v1/orderOtherService/orderOther/status/,local URL-variable analysis,ts-execute-service/src/main/java/execute/serivce/ExecuteServiceImpl.java:156
ts-execute-service,ts-order-other-service,GET,/api/v1/orderOtherService/orderOther/,local URL-variable analysis,ts-execute-service/src/main/java/execute/serivce/ExecuteServiceImpl.java:183
ts-food-delivery-service,ts-station-food-service,GET,/,literal URL,ts-food-delivery-service/src/main/java/food_delivery/service/FoodDeliveryServiceImpl.java:48
ts-food-delivery-service,ts-station-food-service,GET,/api/v1/stationfoodservice/stationfoodstores/bystoreid/,local URL-variable analysis,ts-food-delivery-service/src/main/java/food_delivery/service/FoodDeliveryServiceImpl.java:50
ts-food-service,ts-train-food-service,GET,/api/v1/trainfoodservice/trainfoods/,local URL-variable analysis,ts-food-service/src/main/java/foodsearch/service/FoodServiceImpl.java:230
ts-food-service,ts-travel-service,GET,/api/v1/travelservice/routes/,local URL-variable analysis,ts-food-service/src/main/java/foodsearch/service/FoodServiceImpl.java:252
ts-food-service,ts-station-food-service,POST,/api/v1/stationfoodservice/stationfoodstores,local URL-variable analysis,ts-food-service/src/main/java/foodsearch/service/FoodServiceImpl.java:287
ts-inside-payment-service,ts-order-service,GET,/api/v1/orderservice/order/,local URL-variable analysis,ts-inside-payment-service/src/main/java/inside_payment/service/InsidePaymentServiceImpl.java:54
ts-inside-payment-service,ts-order-service,GET,/api/v1/orderservice/order/status/,local URL-variable analysis,ts-inside-payment-service/src/main/java/inside_payment/service/InsidePaymentServiceImpl.java:340
ts-inside-payment-service,ts-order-other-service,GET,/api/v1/orderOtherService/orderOther/,local URL-variable analysis,ts-inside-payment-service/src/main/java/inside_payment/service/InsidePaymentServiceImpl.java:56
ts-inside-payment-service,ts-order-other-service,GET,/api/v1/orderOtherService/orderOther/status/,local URL-variable analysis,ts-inside-payment-service/src/main/java/inside_payment/service/InsidePaymentServiceImpl.java:350
ts-inside-payment-service,ts-payment-service,POST,/api/v1/paymentservice/payment,local URL-variable analysis,ts-inside-payment-service/src/main/java/inside_payment/service/InsidePaymentServiceImpl.java:111
ts-inside-payment-service,ts-payment-service,POST,/api/v1/paymentservice/payment,local URL-variable analysis,ts-inside-payment-service/src/main/java/inside_payment/service/InsidePaymentServiceImpl.java:298
ts-order-other-service,ts-station-service,POST,/api/v1/stationservice/stations/namelist,local URL-variable analysis,ts-order-other-service/src/main/java/other/service/OrderOtherServiceImpl.java:228
ts-order-service,ts-station-service,POST,/api/v1/stationservice/stations/namelist,local URL-variable analysis,ts-order-service/src/main/java/order/service/OrderServiceImpl.java:213
ts-preserve-other-service,ts-basic-service,POST,/api/v1/basicservice/basic/travel,local URL-variable analysis,ts-preserve-other-service/src/main/java/preserveOther/service/PreserveOtherServiceImpl.java:133
ts-preserve-other-service,ts-seat-service,POST,/api/v1/seatservice/seats,local URL-variable analysis,ts-preserve-other-service/src/main/java/preserveOther/service/PreserveOtherServiceImpl.java:278
ts-preserve-other-service,ts-user-service,GET,/api/v1/userservice/users/id/,local URL-variable analysis,ts-preserve-other-service/src/main/java/preserveOther/service/PreserveOtherServiceImpl.java:306
ts-preserve-other-service,ts-assurance-service,GET,/api/v1/assuranceservice/assurances/,local URL-variable analysis,ts-preserve-other-service/src/main/java/preserveOther/service/PreserveOtherServiceImpl.java:322
ts-preserve-other-service,ts-station-service,GET,/api/v1/stationservice/stations/id/,local URL-variable analysis,ts-preserve-other-service/src/main/java/preserveOther/service/PreserveOtherServiceImpl.java:339
ts-preserve-other-service,ts-security-service,GET,/api/v1/securityservice/securityConfigs/,local URL-variable analysis,ts-preserve-other-service/src/main/java/preserveOther/service/PreserveOtherServiceImpl.java:353
ts-preserve-other-service,ts-travel2-service,POST,/api/v1/travel2service/trip_detail,local URL-variable analysis,ts-preserve-other-service/src/main/java/preserveOther/service/PreserveOtherServiceImpl.java:368
ts-preserve-other-service,ts-contacts-service,GET,/api/v1/contactservice/contacts/,local URL-variable analysis,ts-preserve-other-service/src/main/java/preserveOther/service/PreserveOtherServiceImpl.java:383
ts-preserve-other-service,ts-order-other-service,POST,/api/v1/orderOtherService/orderOther,local URL-variable analysis,ts-preserve-other-service/src/main/java/preserveOther/service/PreserveOtherServiceImpl.java:398
ts-preserve-other-service,ts-food-service,POST,/api/v1/foodservice/orders,local URL-variable analysis,ts-preserve-other-service/src/main/java/preserveOther/service/PreserveOtherServiceImpl.java:414
ts-preserve-other-service,ts-consign-service,POST,/api/v1/consignservice/consigns,local URL-variable analysis,ts-preserve-other-service/src/main/java/preserveOther/service/PreserveOtherServiceImpl.java:428
ts-preserve-service,ts-basic-service,POST,/api/v1/basicservice/basic/travel,local URL-variable analysis,ts-preserve-service/src/main/java/preserve/service/PreserveServiceImpl.java:130
ts-preserve-service,ts-seat-service,POST,/api/v1/seatservice/seats,local URL-variable analysis,ts-preserve-service/src/main/java/preserve/service/PreserveServiceImpl.java:279
ts-preserve-service,ts-user-service,GET,/api/v1/userservice/users/id/,local URL-variable analysis,ts-preserve-service/src/main/java/preserve/service/PreserveServiceImpl.java:307
ts-preserve-service,ts-assurance-service,GET,/api/v1/assuranceservice/assurances/,local URL-variable analysis,ts-preserve-service/src/main/java/preserve/service/PreserveServiceImpl.java:321
ts-preserve-service,ts-station-service,GET,/api/v1/stationservice/stations/id/,local URL-variable analysis,ts-preserve-service/src/main/java/preserve/service/PreserveServiceImpl.java:336
ts-preserve-service,ts-security-service,GET,/api/v1/securityservice/securityConfigs/,local URL-variable analysis,ts-preserve-service/src/main/java/preserve/service/PreserveServiceImpl.java:351
ts-preserve-service,ts-travel-service,POST,/api/v1/travelservice/trip_detail,local URL-variable analysis,ts-preserve-service/src/main/java/preserve/service/PreserveServiceImpl.java:366
ts-preserve-service,ts-contacts-service,GET,/api/v1/contactservice/contacts/,local URL-variable analysis,ts-preserve-service/src/main/java/preserve/service/PreserveServiceImpl.java:382
ts-preserve-service,ts-order-service,POST,/api/v1/orderservice/order,local URL-variable analysis,ts-preserve-service/src/main/java/preserve/service/PreserveServiceImpl.java:397
ts-preserve-service,ts-food-service,POST,/api/v1/foodservice/orders,local URL-variable analysis,ts-preserve-service/src/main/java/preserve/service/PreserveServiceImpl.java:412
ts-preserve-service,ts-consign-service,POST,/api/v1/consignservice/consigns,local URL-variable analysis,ts-preserve-service/src/main/java/preserve/service/PreserveServiceImpl.java:426
ts-rebook-service,ts-seat-service,POST,/api/v1/seatservice/seats,local URL-variable analysis,ts-rebook-service/src/main/java/rebook/service/RebookServiceImpl.java:252
ts-rebook-service,ts-travel-service,POST,/api/v1/travelservice/trip_detail,local URL-variable analysis,ts-rebook-service/src/main/java/rebook/service/RebookServiceImpl.java:301
ts-rebook-service,ts-travel2-service,POST,/api/v1/travel2service/trip_detail,local URL-variable analysis,ts-rebook-service/src/main/java/rebook/service/RebookServiceImpl.java:304
ts-rebook-service,ts-order-service,POST,/api/v1/orderservice/order,local URL-variable analysis,ts-rebook-service/src/main/java/rebook/service/RebookServiceImpl.java:325
ts-rebook-service,ts-order-service,PUT,/api/v1/orderservice/order,local URL-variable analysis,ts-rebook-service/src/main/java/rebook/service/RebookServiceImpl.java:345
ts-rebook-service,ts-order-service,POST,/api/v1/orderservice/order/,local URL-variable analysis,ts-rebook-service/src/main/java/rebook/service/RebookServiceImpl.java:365
ts-rebook-service,ts-order-service,GET,/api/v1/orderservice/order/,local URL-variable analysis,ts-rebook-service/src/main/java/rebook/service/RebookServiceImpl.java:387
ts-rebook-service,ts-order-other-service,POST,/api/v1/orderOtherService/orderOther,local URL-variable analysis,ts-rebook-service/src/main/java/rebook/service/RebookServiceImpl.java:328
ts-rebook-service,ts-order-other-service,PUT,/api/v1/orderOtherService/orderOther,local URL-variable analysis,ts-rebook-service/src/main/java/rebook/service/RebookServiceImpl.java:347
ts-rebook-service,ts-order-other-service,POST,/api/v1/orderOtherService/orderOther/,local URL-variable analysis,ts-rebook-service/src/main/java/rebook/service/RebookServiceImpl.java:367
ts-rebook-service,ts-order-other-service,GET,/api/v1/orderOtherService/orderOther/,local URL-variable analysis,ts-rebook-service/src/main/java/rebook/service/RebookServiceImpl.java:389
ts-rebook-service,ts-train-service,GET,/api/v1/trainservice/trains/byName/,local URL-variable analysis,ts-rebook-service/src/main/java/rebook/service/RebookServiceImpl.java:408
ts-rebook-service,ts-route-service,GET,/api/v1/routeservice/routes/,local URL-variable analysis,ts-rebook-service/src/main/java/rebook/service/RebookServiceImpl.java:421
ts-rebook-service,ts-inside-payment-service,POST,/api/v1/inside_pay_service/inside_payment/difference,local URL-variable analysis,ts-rebook-service/src/main/java/rebook/service/RebookServiceImpl.java:446
ts-rebook-service,ts-inside-payment-service,GET,/api/v1/inside_pay_service/inside_payment/drawback/,local URL-variable analysis,ts-rebook-service/src/main/java/rebook/service/RebookServiceImpl.java:460
ts-route-plan-service,ts-route-service,GET,/api/v1/routeservice/routes/,local URL-variable analysis,ts-route-plan-service/src/main/java/plan/service/RoutePlanServiceImpl.java:170
ts-route-plan-service,ts-route-service,GET,/api/v1/routeservice/routes/,local URL-variable analysis,ts-route-plan-service/src/main/java/plan/service/RoutePlanServiceImpl.java:290
ts-route-plan-service,ts-travel-service,POST,/api/v1/travelservice/trips/routes,local URL-variable analysis,ts-route-plan-service/src/main/java/plan/service/RoutePlanServiceImpl.java:206
ts-route-plan-service,ts-travel-service,POST,/api/v1/travelservice/trip_detail,local URL-variable analysis,ts-route-plan-service/src/main/java/plan/service/RoutePlanServiceImpl.java:249
ts-route-plan-service,ts-travel-service,POST,/api/v1/travelservice/trips/left,local URL-variable analysis,ts-route-plan-service/src/main/java/plan/service/RoutePlanServiceImpl.java:311
ts-route-plan-service,ts-travel-service,GET,/api/v1/travelservice/routes/,local URL-variable analysis,ts-route-plan-service/src/main/java/plan/service/RoutePlanServiceImpl.java:342
ts-route-plan-service,ts-travel2-service,POST,/api/v1/travel2service/trips/routes,local URL-variable analysis,ts-route-plan-service/src/main/java/plan/service/RoutePlanServiceImpl.java:216
ts-route-plan-service,ts-travel2-service,POST,/api/v1/travel2service/trip_detail,local URL-variable analysis,ts-route-plan-service/src/main/java/plan/service/RoutePlanServiceImpl.java:251
ts-route-plan-service,ts-travel2-service,POST,/api/v1/travel2service/trips/left,local URL-variable analysis,ts-route-plan-service/src/main/java/plan/service/RoutePlanServiceImpl.java:326
ts-route-plan-service,ts-travel2-service,GET,/api/v1/travel2service/routes/,local URL-variable analysis,ts-route-plan-service/src/main/java/plan/service/RoutePlanServiceImpl.java:344
ts-seat-service,ts-order-service,POST,/api/v1/orderservice/order/tickets,local URL-variable analysis,ts-seat-service/src/main/java/seat/service/SeatServiceImpl.java:61
ts-seat-service,ts-order-service,POST,/api/v1/orderservice/order/tickets,local URL-variable analysis,ts-seat-service/src/main/java/seat/service/SeatServiceImpl.java:145
ts-seat-service,ts-order-other-service,POST,/api/v1/orderOtherService/orderOther/tickets,local URL-variable analysis,ts-seat-service/src/main/java/seat/service/SeatServiceImpl.java:74
ts-seat-service,ts-order-other-service,POST,/api/v1/orderOtherService/orderOther/tickets,local URL-variable analysis,ts-seat-service/src/main/java/seat/service/SeatServiceImpl.java:161
ts-seat-service,ts-config-service,GET,/api/v1/configservice/configs/,local URL-variable analysis,ts-seat-service/src/main/java/seat/service/SeatServiceImpl.java:211
ts-security-service,ts-order-service,GET,/api/v1/orderservice/order/security/,local URL-variable analysis,ts-security-service/src/main/java/security/service/SecurityServiceImpl.java:134
ts-security-service,ts-order-other-service,GET,/api/v1/orderOtherService/orderOther/security/,local URL-variable analysis,ts-security-service/src/main/java/security/service/SecurityServiceImpl.java:149
ts-travel-plan-service,ts-seat-service,POST,/api/v1/seatservice/seats/left_tickets,local URL-variable analysis,ts-travel-plan-service/src/main/java/travelplan/service/TravelPlanServiceImpl.java:245
ts-travel-plan-service,ts-route-plan-service,POST,/api/v1/routeplanservice/routePlan/cheapestRoute,local URL-variable analysis,ts-travel-plan-service/src/main/java/travelplan/service/TravelPlanServiceImpl.java:258
ts-travel-plan-service,ts-route-plan-service,POST,/api/v1/routeplanservice/routePlan/quickestRoute,local URL-variable analysis,ts-travel-plan-service/src/main/java/travelplan/service/TravelPlanServiceImpl.java:270
ts-travel-plan-service,ts-route-plan-service,POST,/api/v1/routeplanservice/routePlan/minStopStations,local URL-variable analysis,ts-travel-plan-service/src/main/java/travelplan/service/TravelPlanServiceImpl.java:283
ts-travel-plan-service,ts-travel-service,POST,/api/v1/travelservice/trips/left,local URL-variable analysis,ts-travel-plan-service/src/main/java/travelplan/service/TravelPlanServiceImpl.java:295
ts-travel-plan-service,ts-travel2-service,POST,/api/v1/travel2service/trips/left,local URL-variable analysis,ts-travel-plan-service/src/main/java/travelplan/service/TravelPlanServiceImpl.java:308
ts-travel-plan-service,ts-train-service,GET,/api/v1/trainservice/trains/byName/,local URL-variable analysis,ts-travel-plan-service/src/main/java/travelplan/service/TravelPlanServiceImpl.java:321
ts-travel-service,ts-basic-service,POST,/api/v1/basicservice/basic/travels,local URL-variable analysis,ts-travel-service/src/main/java/travel/service/TravelServiceImpl.java:348
ts-travel-service,ts-basic-service,POST,/api/v1/basicservice/basic/travel,local URL-variable analysis,ts-travel-service/src/main/java/travel/service/TravelServiceImpl.java:397
ts-travel-service,ts-train-service,GET,/api/v1/trainservice/trains/byName/,local URL-variable analysis,ts-travel-service/src/main/java/travel/service/TravelServiceImpl.java:508
ts-travel-service,ts-route-service,GET,/api/v1/routeservice/routes/,local URL-variable analysis,ts-travel-service/src/main/java/travel/service/TravelServiceImpl.java:522
ts-travel-service,ts-seat-service,POST,/api/v1/seatservice/seats/left_tickets,local URL-variable analysis,ts-travel-service/src/main/java/travel/service/TravelServiceImpl.java:553
ts-travel2-service,ts-basic-service,POST,/api/v1/basicservice/basic/travels,local URL-variable analysis,ts-travel2-service/src/main/java/travel2/service/TravelServiceImpl.java:265
ts-travel2-service,ts-basic-service,POST,/api/v1/basicservice/basic/travel,local URL-variable analysis,ts-travel2-service/src/main/java/travel2/service/TravelServiceImpl.java:313
ts-travel2-service,ts-train-service,GET,/api/v1/trainservice/trains/byName/,local URL-variable analysis,ts-travel2-service/src/main/java/travel2/service/TravelServiceImpl.java:419
ts-travel2-service,ts-route-service,GET,/api/v1/routeservice/routes/,local URL-variable analysis,ts-travel2-service/src/main/java/travel2/service/TravelServiceImpl.java:433
ts-travel2-service,ts-seat-service,POST,/api/v1/seatservice/seats/left_tickets,local URL-variable analysis,ts-travel2-service/src/main/java/travel2/service/TravelServiceImpl.java:464
ts-user-service,ts-auth-service,POST,/api/v1/auth,local URL-variable analysis,ts-user-service/src/main/java/user/service/impl/UserServiceImpl.java:94
ts-user-service,ts-auth-service,DELETE,/api/v1,local URL-variable analysis,ts-user-service/src/main/java/user/service/impl/UserServiceImpl.java:182
ts-wait-order-service,ts-preserve-service,UNKNOWN,constructed near call site,service-name expression,ts-wait-order-service/src/main/java/waitorder/utils/PollThread.java:43
