component,classification,reactor_module,artifact,image,build_context,ports,technology,uses_ts_common,responsibility_status,business_responsibility,evidence
redis,database/infrastructure,False,,redis,,6379:6379,,False,INFERRED_FROM_NAME,Supports persistence or infrastructure for redis,docker-compose.yml:28
ts-account-mongo,database/infrastructure,False,,mongo:4.4,,,,False,INFERRED_FROM_NAME,Supports persistence or infrastructure for account mongo,docker-compose.yml:82
ts-admin-basic-info-service,source-inspected service,True,ts-admin-basic-info-service,${IMG_REPO}/ts-admin-basic-info-service:${IMG_TAG},ts-admin-basic-info-service,18767:18767,Java,True,INFERRED_FROM_NAME,Provides the admin basic info capability,docker-compose.yml:496
ts-admin-order-service,source-inspected service,True,ts-admin-order-service,${IMG_REPO}/ts-admin-order-service:${IMG_TAG},ts-admin-order-service,16112:16112,Java,True,INFERRED_FROM_NAME,Provides the admin order capability,docker-compose.yml:505
ts-admin-route-service,source-inspected service,True,ts-admin-route-service,${IMG_REPO}/ts-admin-route-service:${IMG_TAG},ts-admin-route-service,16113:16113,Java,True,INFERRED_FROM_NAME,Provides the admin route capability,docker-compose.yml:514
ts-admin-travel-service,source-inspected service,True,ts-admin-travel-service,${IMG_REPO}/ts-admin-travel-service:${IMG_TAG},ts-admin-travel-service,16114:16114,Java,True,INFERRED_FROM_NAME,Provides the admin travel capability,docker-compose.yml:527
ts-admin-user-service,source-inspected service,True,ts-admin-user-service,${IMG_REPO}/ts-admin-user-service:${IMG_TAG},ts-admin-user-service,16115:16115,Java,True,INFERRED_FROM_NAME,Provides the admin user capability,docker-compose.yml:540
ts-assurance-mongo,database/infrastructure,False,,mongo:4.4,,,,False,INFERRED_FROM_NAME,Supports persistence or infrastructure for assurance mongo,docker-compose.yml:356
ts-assurance-service,source-inspected service,True,ts-assurance-service,${IMG_REPO}/ts-assurance-service:${IMG_TAG},ts-assurance-service,18888:18888,Java; Spring Boot; Spring Data JPA; MySQL,True,INFERRED_FROM_NAME,Provides the assurance capability,docker-compose.yml:347
ts-auth-mongo,database/infrastructure,False,,mongo:4.4,,,,False,INFERRED_FROM_NAME,Supports persistence or infrastructure for auth mongo,docker-compose.yml:53
ts-auth-service,source-inspected service,True,ts-auth-service,${IMG_REPO}/ts-auth-service:${IMG_TAG},ts-auth-service,12340:12340,Java; Spring Boot; Spring Data JPA; MySQL,True,INFERRED_FROM_NAME,Provides the auth capability,docker-compose.yml:44
ts-avatar-service,source module,False,,${NAMESPACE}/ts-avatar-service:${TAG},,17001:17001,,False,INFERRED_FROM_NAME,Provides the avatar capability,docker-compose.yml:553
ts-basic-service,source-inspected service,True,ts-basic-service,${IMG_REPO}/ts-basic-service:${IMG_TAG},ts-basic-service,15680:15680,Java,True,INFERRED_FROM_NAME,Provides the basic capability,docker-compose.yml:231
ts-cancel-service,source-inspected service,True,ts-cancel-service,${IMG_REPO}/ts-cancel-service:${IMG_TAG},ts-cancel-service,18885:18885,Java,True,INFERRED_FROM_NAME,Provides the cancel capability,docker-compose.yml:338
ts-common,shared library,True,ts-common,,,,Java; Spring Boot,False,INFERRED_FROM_NAME,Provides Java types and utilities shared by service modules,pom.xml:18
ts-config-mongo,database/infrastructure,False,,mongo:4.4,,,,False,INFERRED_FROM_NAME,Supports persistence or infrastructure for config mongo,docker-compose.yml:152
ts-config-service,source-inspected service,True,ts-config-service,${IMG_REPO}/ts-config-service:${IMG_TAG},ts-config-service,15679:15679,Java; Spring Boot; Spring Data JPA; MySQL,True,INFERRED_FROM_NAME,Provides the config capability,docker-compose.yml:143
ts-consign-mongo,database/infrastructure,False,,mongo:4.4,,,,False,INFERRED_FROM_NAME,Supports persistence or infrastructure for consign mongo,docker-compose.yml:472
ts-consign-price-mongo,database/infrastructure,False,,mongo:4.4,,,,False,INFERRED_FROM_NAME,Supports persistence or infrastructure for consign price mongo,docker-compose.yml:486
ts-consign-price-service,source-inspected service,True,ts-consign-price-service,${IMG_REPO}/ts-consign-price-service:${IMG_TAG},ts-consign-price-service,16110:16110,Java; Spring Boot; Spring Data JPA; MySQL,True,INFERRED_FROM_NAME,Provides the consign price capability,docker-compose.yml:477
ts-consign-service,source-inspected service,True,ts-consign-service,${IMG_REPO}/ts-consign-service:${IMG_TAG},ts-consign-service,16111:16111,Java; Spring Boot; Spring Data JPA; MySQL,True,INFERRED_FROM_NAME,Provides the consign capability,docker-compose.yml:463
ts-contacts-mongo,database/infrastructure,False,,mongo:4.4,,,,False,INFERRED_FROM_NAME,Supports persistence or infrastructure for contacts mongo,docker-compose.yml:110
ts-contacts-service,source-inspected service,True,ts-contacts-service,${IMG_REPO}/ts-contacts-service:${IMG_TAG},ts-contacts-service,12347:12347,Java; Spring Boot; Spring Data JPA; MySQL,True,INFERRED_FROM_NAME,Provides the contacts capability,docker-compose.yml:101
ts-delivery-service,source-inspected service,True,ts-delivery-service,,,,Java; Spring Boot; Spring Data JPA; MySQL; RabbitMQ,True,INFERRED_FROM_NAME,Provides the delivery capability,pom.xml:55
ts-execute-service,source-inspected service,True,ts-execute-service,${IMG_REPO}/ts-execute-service:${IMG_TAG},ts-execute-service,12386:12386,Java,True,INFERRED_FROM_NAME,Provides the execute capability,docker-compose.yml:301
ts-food-delivery-service,source-inspected service,True,ts-food-delivery-service,,,,Java; Spring Boot; Spring Data JPA; MySQL,True,INFERRED_FROM_NAME,Provides the food delivery capability,pom.xml:58
ts-food-map-mongo,database/infrastructure,False,,mongo:4.4,,,,False,INFERRED_FROM_NAME,Supports persistence or infrastructure for food map mongo,docker-compose.yml:440
ts-food-map-service,image-only/infrastructure,False,,${IMG_REPO}/ts-food-map-service:${IMG_TAG},ts-food-map-service,18855:18855,,False,INFERRED_FROM_NAME,Provides food map; internals unavailable in local source,docker-compose.yml:431
ts-food-mongo,database/infrastructure,False,,mongo:4.4,,,,False,INFERRED_FROM_NAME,Supports persistence or infrastructure for food mongo,docker-compose.yml:491
ts-food-service,source-inspected service,True,ts-food-service,${IMG_REPO}/ts-food-service:${IMG_TAG},ts-food-service,18856:18856,Java; Spring Boot; Spring Data JPA; MySQL; RabbitMQ,True,INFERRED_FROM_NAME,Provides the food capability,docker-compose.yml:454
ts-gateway-service,source-inspected service,True,ts-gateway-service,,,,Java,False,INFERRED_FROM_NAME,Provides the gateway capability,pom.xml:57
ts-inside-payment-mongo,database/infrastructure,False,,mongo:4.4,,,,False,INFERRED_FROM_NAME,Supports persistence or infrastructure for inside payment mongo,docker-compose.yml:296
ts-inside-payment-service,source-inspected service,True,ts-inside-payment-service,${IMG_REPO}/ts-inside-payment-service:${IMG_TAG},ts-inside-payment-service,18673:18673,Java; Spring Boot; Spring Data JPA; MySQL,True,INFERRED_FROM_NAME,Provides the inside payment capability,docker-compose.yml:287
ts-news-mongo,database/infrastructure,False,,mongo:4.4,,,,False,INFERRED_FROM_NAME,Supports persistence or infrastructure for news mongo,docker-compose.yml:404
ts-news-service,source module,False,,${IMG_REPO}/ts-news-service:${IMG_TAG},ts-news-service,12862:12862,,False,INFERRED_FROM_NAME,Provides the news capability,docker-compose.yml:395
ts-notification-service,source-inspected service,True,ts-notification-service,${IMG_REPO}/ts-notification-service:${IMG_TAG},ts-notification-service,17853:17853,Java; Spring Boot; Spring Data JPA; MySQL; RabbitMQ,True,INFERRED_FROM_NAME,Provides the notification capability,docker-compose.yml:264
ts-order-mongo,database/infrastructure,False,,mongo:4.4,,,,False,INFERRED_FROM_NAME,Supports persistence or infrastructure for order mongo,docker-compose.yml:124
ts-order-other-mongo,database/infrastructure,False,,mongo:4.4,,,,False,INFERRED_FROM_NAME,Supports persistence or infrastructure for order other mongo,docker-compose.yml:138
ts-order-other-service,source-inspected service,True,ts-order-other-service,${IMG_REPO}/ts-order-other-service:${IMG_TAG},ts-order-other-service,12032:12032,Java; Spring Boot; Spring Data JPA; MySQL,True,INFERRED_FROM_NAME,Provides the order other capability,docker-compose.yml:129
ts-order-service,source-inspected service,True,ts-order-service,${IMG_REPO}/ts-order-service:${IMG_TAG},ts-order-service,12031:12031,Java; Spring Boot; Spring Data JPA; MySQL,True,INFERRED_FROM_NAME,Provides the order capability,docker-compose.yml:115
ts-payment-mongo,database/infrastructure,False,,mongo:4.4,,,,False,INFERRED_FROM_NAME,Supports persistence or infrastructure for payment mongo,docker-compose.yml:319
ts-payment-service,source-inspected service,True,ts-payment-service,${IMG_REPO}/ts-payment-service:${IMG_TAG},ts-payment-service,19001:19001,Java; Spring Boot; Spring Data JPA; MySQL,True,INFERRED_FROM_NAME,Provides the payment capability,docker-compose.yml:310
ts-preserve-other-service,source-inspected service,True,ts-preserve-other-service,${IMG_REPO}/ts-preserve-other-service:${IMG_TAG},ts-preserve-other-service,14569:14569,Java; Spring Boot; RabbitMQ,True,INFERRED_FROM_NAME,Provides the preserve other capability,docker-compose.yml:222
ts-preserve-service,source-inspected service,True,ts-preserve-service,${IMG_REPO}/ts-preserve-service:${IMG_TAG},ts-preserve-service,14568:14568,Java; Spring Boot; RabbitMQ,True,INFERRED_FROM_NAME,Provides the preserve capability,docker-compose.yml:213
ts-price-mongo,database/infrastructure,False,,mongo:4.4,,,,False,INFERRED_FROM_NAME,Supports persistence or infrastructure for price mongo,docker-compose.yml:259
ts-price-service,source-inspected service,True,ts-price-service,${IMG_REPO}/ts-price-service:${IMG_TAG},ts-price-service,16579:16579,Java; Spring Boot; Spring Data JPA; MySQL,True,INFERRED_FROM_NAME,Provides the price capability,docker-compose.yml:249
ts-rebook-mongo,database/infrastructure,False,,mongo:4.4,,,,False,INFERRED_FROM_NAME,Supports persistence or infrastructure for rebook mongo,docker-compose.yml:333
ts-rebook-service,source-inspected service,True,ts-rebook-service,${IMG_REPO}/ts-rebook-service:${IMG_TAG},ts-rebook-service,18886:18886,Java,True,INFERRED_FROM_NAME,Provides the rebook capability,docker-compose.yml:324
ts-route-mongo,database/infrastructure,False,,mongo:4.4,,,,False,INFERRED_FROM_NAME,Supports persistence or infrastructure for route mongo,docker-compose.yml:96
ts-route-plan-service,source-inspected service,True,ts-route-plan-service,${IMG_REPO}/ts-route-plan-service:${IMG_TAG},ts-route-plan-service,14578:14578,Java,True,INFERRED_FROM_NAME,Provides the route plan capability,docker-compose.yml:445
ts-route-service,source-inspected service,True,ts-route-service,${IMG_REPO}/ts-route-service:${IMG_TAG},ts-route-service,11178:11178,Java; Spring Boot; Spring Data JPA; MySQL,True,INFERRED_FROM_NAME,Provides the route capability,docker-compose.yml:87
ts-seat-service,source-inspected service,True,ts-seat-service,${IMG_REPO}/ts-seat-service:${IMG_TAG},ts-seat-service,18898:18898,Java,True,INFERRED_FROM_NAME,Provides the seat capability,docker-compose.yml:361
ts-security-mongo,database/infrastructure,False,,mongo:4.4,,,,False,INFERRED_FROM_NAME,Supports persistence or infrastructure for security mongo,docker-compose.yml:282
ts-security-service,source-inspected service,True,ts-security-service,${IMG_REPO}/ts-security-service:${IMG_TAG},ts-security-service,11188:11188,Java; Spring Boot; Spring Data JPA; MySQL,True,INFERRED_FROM_NAME,Provides the security capability,docker-compose.yml:273
ts-station-food-service,source-inspected service,True,ts-station-food-service,,,,Java; Spring Boot; Spring Data JPA; MySQL,True,INFERRED_FROM_NAME,Provides the station food capability,pom.xml:45
ts-station-mongo,database/infrastructure,False,,mongo:4.4,,,,False,INFERRED_FROM_NAME,Supports persistence or infrastructure for station mongo,docker-compose.yml:166
ts-station-service,source-inspected service,True,ts-station-service,${IMG_REPO}/ts-station-service:${IMG_TAG},ts-station-service,12345:12345,Java; Spring Boot; Spring Data JPA; MySQL,True,INFERRED_FROM_NAME,Provides the station capability,docker-compose.yml:157
ts-ticket-office-mongo,database/infrastructure,False,,mongo:4.4,,,,False,INFERRED_FROM_NAME,Supports persistence or infrastructure for ticket office mongo,docker-compose.yml:388
ts-ticket-office-service,source module,False,,${IMG_REPO}/ts-ticket-office-service:${IMG_TAG},ts-ticket-office-service,16108:16108,,False,INFERRED_FROM_NAME,Provides the ticket office capability,docker-compose.yml:379
ts-ticketinfo-service,image-only/infrastructure,False,,${IMG_REPO}/ts-ticketinfo-service:${IMG_TAG},ts-ticketinfo-service,15681:15681,,False,INFERRED_FROM_NAME,Provides ticketinfo; internals unavailable in local source,docker-compose.yml:240
ts-train-food-service,source-inspected service,True,ts-train-food-service,,,,Java; Spring Boot; Spring Data JPA; MySQL,True,INFERRED_FROM_NAME,Provides the train food capability,pom.xml:56
ts-train-mongo,database/infrastructure,False,,mongo:4.4,,,,False,INFERRED_FROM_NAME,Supports persistence or infrastructure for train mongo,docker-compose.yml:180
ts-train-service,source-inspected service,True,ts-train-service,${IMG_REPO}/ts-train-service:${IMG_TAG},ts-train-service,14567:14567,Java; Spring Boot; Spring Data JPA; MySQL,True,INFERRED_FROM_NAME,Provides the train capability,docker-compose.yml:171
ts-travel-mongo,database/infrastructure,False,,mongo:4.4,,,,False,INFERRED_FROM_NAME,Supports persistence or infrastructure for travel mongo,docker-compose.yml:194
ts-travel-plan-service,source-inspected service,True,ts-travel-plan-service,${IMG_REPO}/ts-travel-plan-service:${IMG_TAG},ts-travel-plan-service,14322:14322,Java,True,INFERRED_FROM_NAME,Provides the travel plan capability,docker-compose.yml:370
ts-travel-service,source-inspected service,True,ts-travel-service,${IMG_REPO}/ts-travel-service:${IMG_TAG},ts-travel-service,12346:12346,Java; Spring Boot; Spring Data JPA; MySQL,True,INFERRED_FROM_NAME,Provides the travel capability,docker-compose.yml:185
ts-travel2-mongo,database/infrastructure,False,,mongo:4.4,,,,False,INFERRED_FROM_NAME,Supports persistence or infrastructure for travel2 mongo,docker-compose.yml:208
ts-travel2-service,source-inspected service,True,ts-travel2-service,${IMG_REPO}/ts-travel2-service:${IMG_TAG},ts-travel2-service,16346:16346,Java; Spring Boot; Spring Data JPA; MySQL,True,INFERRED_FROM_NAME,Provides the travel2 capability,docker-compose.yml:199
ts-ui-dashboard,source module,False,,${IMG_REPO}/ts-ui-dashboard:${IMG_TAG},ts-ui-dashboard,8080:8080,,False,INFERRED_FROM_NAME,Provides the ui dashboard capability,docker-compose.yml:35
ts-user-mongo,database/infrastructure,False,,mongo:4.4,,,,False,INFERRED_FROM_NAME,Supports persistence or infrastructure for user mongo,docker-compose.yml:68
ts-user-service,source-inspected service,True,ts-user-service,${IMG_REPO}/ts-user-service:${IMG_TAG},ts-user-service,12342:12342,Java; Spring Boot; Spring Data JPA; MySQL,True,INFERRED_FROM_NAME,Provides the user capability,docker-compose.yml:59
ts-verification-code-service,source-inspected service,True,ts-verification-code-service,${IMG_REPO}/ts-verification-code-service:${IMG_TAG},ts-verification-code-service,15678:15678,Java,True,INFERRED_FROM_NAME,Provides the verification code capability,docker-compose.yml:73
ts-voucher-mysql,database/infrastructure,False,,mysql,,,,False,INFERRED_FROM_NAME,Supports persistence or infrastructure for voucher mysql,docker-compose.yml:409
ts-voucher-service,source module,False,,${IMG_REPO}/ts-voucher-service:${IMG_TAG},ts-voucher-service,16101:16101,,False,INFERRED_FROM_NAME,Provides the voucher capability,docker-compose.yml:418
ts-wait-order-service,source-inspected service,True,ts-wait-order-service,,,,Java; Spring Boot; Spring Data JPA; MySQL,True,INFERRED_FROM_NAME,Provides the wait order capability,pom.xml:59
