service,source_configured_stores,compose_store,database_component,status,evidence
ts-assurance-service,MySQL,MongoDB,ts-assurance-mongo,OBSERVED_MISMATCH_REQUIRES_INVESTIGATION,docker-compose.yml:356
ts-auth-service,MySQL,MongoDB,ts-auth-mongo,OBSERVED_MISMATCH_REQUIRES_INVESTIGATION,docker-compose.yml:53
ts-config-service,MySQL,MongoDB,ts-config-mongo,OBSERVED_MISMATCH_REQUIRES_INVESTIGATION,docker-compose.yml:152
ts-consign-service,MySQL,MongoDB,ts-consign-mongo,OBSERVED_MISMATCH_REQUIRES_INVESTIGATION,docker-compose.yml:472
ts-consign-price-service,MySQL,MongoDB,ts-consign-price-mongo,OBSERVED_MISMATCH_REQUIRES_INVESTIGATION,docker-compose.yml:486
ts-contacts-service,MySQL,MongoDB,ts-contacts-mongo,OBSERVED_MISMATCH_REQUIRES_INVESTIGATION,docker-compose.yml:110
ts-food-service,MySQL,MongoDB,ts-food-mongo,OBSERVED_MISMATCH_REQUIRES_INVESTIGATION,docker-compose.yml:491
ts-inside-payment-service,MySQL,MongoDB,ts-inside-payment-mongo,OBSERVED_MISMATCH_REQUIRES_INVESTIGATION,docker-compose.yml:296
ts-order-service,MySQL,MongoDB,ts-order-mongo,OBSERVED_MISMATCH_REQUIRES_INVESTIGATION,docker-compose.yml:124
ts-order-other-service,MySQL,MongoDB,ts-order-other-mongo,OBSERVED_MISMATCH_REQUIRES_INVESTIGATION,docker-compose.yml:138
ts-payment-service,MySQL,MongoDB,ts-payment-mongo,OBSERVED_MISMATCH_REQUIRES_INVESTIGATION,docker-compose.yml:319
ts-price-service,MySQL,MongoDB,ts-price-mongo,OBSERVED_MISMATCH_REQUIRES_INVESTIGATION,docker-compose.yml:259
ts-route-service,MySQL,MongoDB,ts-route-mongo,OBSERVED_MISMATCH_REQUIRES_INVESTIGATION,docker-compose.yml:96
ts-security-service,MySQL,MongoDB,ts-security-mongo,OBSERVED_MISMATCH_REQUIRES_INVESTIGATION,docker-compose.yml:282
ts-station-service,MySQL,MongoDB,ts-station-mongo,OBSERVED_MISMATCH_REQUIRES_INVESTIGATION,docker-compose.yml:166
ts-train-service,MySQL,MongoDB,ts-train-mongo,OBSERVED_MISMATCH_REQUIRES_INVESTIGATION,docker-compose.yml:180
ts-travel-service,MySQL,MongoDB,ts-travel-mongo,OBSERVED_MISMATCH_REQUIRES_INVESTIGATION,docker-compose.yml:194
ts-travel2-service,MySQL,MongoDB,ts-travel2-mongo,OBSERVED_MISMATCH_REQUIRES_INVESTIGATION,docker-compose.yml:208
ts-user-service,MySQL,MongoDB,ts-user-mongo,OBSERVED_MISMATCH_REQUIRES_INVESTIGATION,docker-compose.yml:68
