service,samples,cpu_mean_percent,cpu_max_percent,memory_mean_bytes,memory_max_bytes
jaeger,5,0.266,0.37,37715182,52533658
otel-collector,5,0.364,1.31,48821698,52701430
redis,5,0.418,0.5,3023674,3235906
ts-account-mongo,5,0.93,1.52,12249465,12582912
ts-admin-basic-info-service,5,0.268,0.33,256523633,256586547
ts-admin-order-service,5,0.342,0.61,249665946,249665946
ts-admin-route-service,5,0.274,0.37,223661261,223661261
ts-admin-travel-service,5,0.336,0.48,289658634,289826406
ts-admin-user-service,5,0.306,0.38,257005978,257005978
ts-assurance-mongo,5,0.82,1.05,11941183,12226396
ts-assurance-service,5,0.38,0.75,337159127,337326899
ts-auth-mongo,5,1.034,1.68,12033458,12499026
ts-auth-service,5,0.304,0.42,264366981,264555725
ts-avatar-service,5,0.044,0.06,24886903,27955036
ts-basic-service,5,0.246,0.27,317928243,318033101
ts-cancel-service,5,0.268,0.34,259900048,260151706
ts-config-mongo,5,0.99,1.64,12773753,12897485
ts-config-service,5,0.366,0.63,317592699,317718528
ts-consign-mongo,5,0.92,1.59,12150899,12708741
ts-consign-price-mongo,5,0.902,1.5,12540969,13002342
ts-consign-price-service,5,0.312,0.58,266820649,267072307
ts-consign-service,5,0.44,0.96,271329526,271581184
ts-contacts-mongo,5,1.008,1.8,12280922,12614369
ts-contacts-service,5,0.294,0.38,289302119,289721549
ts-execute-service,5,0.254,0.29,214538650,214538650
ts-food-map-mongo,5,0.91,1.1,13488882,13946061
ts-food-map-service,5,0.326,0.43,296222720,296642150
ts-food-mongo,5,0.906,1.66,12108956,12394168
ts-food-service,5,0.634,2.04,361213460,361339290
ts-inside-payment-mongo,5,0.85,0.93,12335448,12561940
ts-inside-payment-service,5,0.296,0.46,302031831,302199603
ts-news-mongo,5,0.708,0.82,11702108,11985224
ts-news-service,5,0.0,0.0,1061159,1061159
ts-notification-service,5,0.656,1.58,317047439,318242816
ts-order-mongo,5,1.104,2.23,12750684,12970885
ts-order-other-mongo,5,0.86,1.06,12991857,13285458
ts-order-other-service,5,0.508,1.15,305471160,305764762
ts-order-service,5,0.452,1.11,297753641,297795584
ts-payment-mongo,5,0.822,1.41,12580815,12855542
ts-payment-service,5,0.312,0.38,283115520,283115520
ts-preserve-other-service,5,0.288,0.37,296851866,296851866
ts-preserve-service,5,0.292,0.33,305555046,305555046
ts-price-mongo,5,0.754,0.85,12343836,12488540
ts-price-service,5,0.306,0.49,282486374,282486374
ts-rebook-mongo,5,1.008,1.77,22405972,27493663
ts-rebook-service,5,0.28,0.37,244318208,244318208
ts-route-mongo,5,0.87,1.23,12712936,12876513
ts-route-plan-service,5,0.31,0.5,232783872,232783872
ts-route-service,5,0.322,0.62,312014275,312265933
ts-seat-service,5,0.572,1.35,292405903,292762419
ts-security-mongo,5,1.086,1.94,12434014,12792627
ts-security-service,5,0.378,0.64,276257833,276404634
ts-station-mongo,5,1.058,2.1,12838765,13086228
ts-station-service,5,0.32,0.42,347372257,347498086
ts-ticket-office-mongo,5,1.12,1.73,13474201,14921236
ts-ticket-office-service,5,0.0,0.0,6667895,6667895
ts-ticketinfo-service,5,0.272,0.33,304821043,304925901
ts-train-mongo,5,0.698,0.86,11840520,12247368
ts-train-service,5,0.796,2.56,310986670,311217357
ts-travel-mongo,5,0.906,1.36,12561940,12897485
ts-travel-plan-service,5,0.276,0.33,256565576,256586547
ts-travel-service,5,0.274,0.38,324555244,324639130
ts-travel2-mongo,5,0.914,1.24,12222202,12740198
ts-travel2-service,5,0.298,0.43,328455946,328623718
ts-ui-dashboard,5,0.0,0.0,2032140,2032140
ts-user-mongo,5,0.854,1.21,12255756,12677284
ts-user-service,5,0.66,1.91,254594253,254594253
ts-verification-code-service,5,0.264,0.31,293706138,293706138
ts-voucher-mysql,5,1.33,1.69,12242125,17395876
ts-voucher-service,5,0.0,0.0,2236613,2236613
