caller,provider,source,line
ts-admin-basic-info-service,ts-contacts-service,ts-admin-basic-info-service/src/main/java/adminbasic/service/AdminBasicInfoServiceImpl.java,43
ts-admin-basic-info-service,ts-contacts-service,ts-admin-basic-info-service/src/main/java/adminbasic/service/AdminBasicInfoServiceImpl.java,58
ts-admin-basic-info-service,ts-contacts-service,ts-admin-basic-info-service/src/main/java/adminbasic/service/AdminBasicInfoServiceImpl.java,73
ts-admin-basic-info-service,ts-contacts-service,ts-admin-basic-info-service/src/main/java/adminbasic/service/AdminBasicInfoServiceImpl.java,89
ts-admin-basic-info-service,ts-station-service,ts-admin-basic-info-service/src/main/java/adminbasic/service/AdminBasicInfoServiceImpl.java,103
ts-admin-basic-info-service,ts-station-service,ts-admin-basic-info-service/src/main/java/adminbasic/service/AdminBasicInfoServiceImpl.java,120
ts-admin-basic-info-service,ts-station-service,ts-admin-basic-info-service/src/main/java/adminbasic/service/AdminBasicInfoServiceImpl.java,135
ts-admin-basic-info-service,ts-station-service,ts-admin-basic-info-service/src/main/java/adminbasic/service/AdminBasicInfoServiceImpl.java,150
ts-admin-basic-info-service,ts-train-service,ts-admin-basic-info-service/src/main/java/adminbasic/service/AdminBasicInfoServiceImpl.java,166
ts-admin-basic-info-service,ts-train-service,ts-admin-basic-info-service/src/main/java/adminbasic/service/AdminBasicInfoServiceImpl.java,182
ts-admin-basic-info-service,ts-train-service,ts-admin-basic-info-service/src/main/java/adminbasic/service/AdminBasicInfoServiceImpl.java,198
ts-admin-basic-info-service,ts-train-service,ts-admin-basic-info-service/src/main/java/adminbasic/service/AdminBasicInfoServiceImpl.java,212
ts-admin-basic-info-service,ts-config-service,ts-admin-basic-info-service/src/main/java/adminbasic/service/AdminBasicInfoServiceImpl.java,226
ts-admin-basic-info-service,ts-config-service,ts-admin-basic-info-service/src/main/java/adminbasic/service/AdminBasicInfoServiceImpl.java,240
ts-admin-basic-info-service,ts-config-service,ts-admin-basic-info-service/src/main/java/adminbasic/service/AdminBasicInfoServiceImpl.java,253
ts-admin-basic-info-service,ts-config-service,ts-admin-basic-info-service/src/main/java/adminbasic/service/AdminBasicInfoServiceImpl.java,265
ts-admin-basic-info-service,ts-price-service,ts-admin-basic-info-service/src/main/java/adminbasic/service/AdminBasicInfoServiceImpl.java,278
ts-admin-basic-info-service,ts-price-service,ts-admin-basic-info-service/src/main/java/adminbasic/service/AdminBasicInfoServiceImpl.java,291
ts-admin-basic-info-service,ts-price-service,ts-admin-basic-info-service/src/main/java/adminbasic/service/AdminBasicInfoServiceImpl.java,305
ts-admin-basic-info-service,ts-price-service,ts-admin-basic-info-service/src/main/java/adminbasic/service/AdminBasicInfoServiceImpl.java,319
ts-admin-order-service,ts-order-service,ts-admin-order-service/src/main/java/adminorder/service/AdminOrderServiceImpl.java,47
ts-admin-order-service,ts-order-service,ts-admin-order-service/src/main/java/adminorder/service/AdminOrderServiceImpl.java,57
ts-admin-order-service,ts-order-service,ts-admin-order-service/src/main/java/adminorder/service/AdminOrderServiceImpl.java,61
ts-admin-order-service,ts-order-other-service,ts-admin-order-service/src/main/java/adminorder/service/AdminOrderServiceImpl.java,65
ts-admin-order-service,ts-order-other-service,ts-admin-order-service/src/main/java/adminorder/service/AdminOrderServiceImpl.java,75
ts-admin-order-service,ts-order-other-service,ts-admin-order-service/src/main/java/adminorder/service/AdminOrderServiceImpl.java,79
ts-admin-order-service,ts-order-service,ts-admin-order-service/src/main/java/adminorder/service/AdminOrderServiceImpl.java,92
ts-admin-order-service,ts-order-other-service,ts-admin-order-service/src/main/java/adminorder/service/AdminOrderServiceImpl.java,103
ts-admin-order-service,ts-order-service,ts-admin-order-service/src/main/java/adminorder/service/AdminOrderServiceImpl.java,125
ts-admin-order-service,ts-order-other-service,ts-admin-order-service/src/main/java/adminorder/service/AdminOrderServiceImpl.java,136
ts-admin-order-service,ts-order-service,ts-admin-order-service/src/main/java/adminorder/service/AdminOrderServiceImpl.java,156
ts-admin-order-service,ts-order-other-service,ts-admin-order-service/src/main/java/adminorder/service/AdminOrderServiceImpl.java,167
ts-admin-route-service,ts-route-service,ts-admin-route-service/src/main/java/adminroute/service/AdminRouteServiceImpl.java,39
ts-admin-route-service,ts-route-service,ts-admin-route-service/src/main/java/adminroute/service/AdminRouteServiceImpl.java,69
ts-admin-route-service,ts-route-service,ts-admin-route-service/src/main/java/adminroute/service/AdminRouteServiceImpl.java,86
ts-admin-route-service,ts-station-service,ts-admin-route-service/src/main/java/adminroute/service/AdminRouteServiceImpl.java,102
ts-admin-travel-service,ts-travel-service,ts-admin-travel-service/src/main/java/admintravel/service/AdminTravelServiceImpl.java,48
ts-admin-travel-service,ts-travel-service,ts-admin-travel-service/src/main/java/admintravel/service/AdminTravelServiceImpl.java,59
ts-admin-travel-service,ts-travel-service,ts-admin-travel-service/src/main/java/admintravel/service/AdminTravelServiceImpl.java,62
ts-admin-travel-service,ts-travel2-service,ts-admin-travel-service/src/main/java/admintravel/service/AdminTravelServiceImpl.java,66
ts-admin-travel-service,ts-travel2-service,ts-admin-travel-service/src/main/java/admintravel/service/AdminTravelServiceImpl.java,76
ts-admin-travel-service,ts-travel2-service,ts-admin-travel-service/src/main/java/admintravel/service/AdminTravelServiceImpl.java,80
ts-admin-travel-service,ts-travel-service,ts-admin-travel-service/src/main/java/admintravel/service/AdminTravelServiceImpl.java,98
ts-admin-travel-service,ts-travel2-service,ts-admin-travel-service/src/main/java/admintravel/service/AdminTravelServiceImpl.java,99
ts-admin-travel-service,ts-travel-service,ts-admin-travel-service/src/main/java/admintravel/service/AdminTravelServiceImpl.java,133
ts-admin-travel-service,ts-travel2-service,ts-admin-travel-service/src/main/java/admintravel/service/AdminTravelServiceImpl.java,134
ts-admin-travel-service,ts-travel-service,ts-admin-travel-service/src/main/java/admintravel/service/AdminTravelServiceImpl.java,163
ts-admin-travel-service,ts-travel2-service,ts-admin-travel-service/src/main/java/admintravel/service/AdminTravelServiceImpl.java,164
ts-admin-travel-service,ts-station-service,ts-admin-travel-service/src/main/java/admintravel/service/AdminTravelServiceImpl.java,232
ts-admin-travel-service,ts-train-service,ts-admin-travel-service/src/main/java/admintravel/service/AdminTravelServiceImpl.java,259
ts-admin-travel-service,ts-route-service,ts-admin-travel-service/src/main/java/admintravel/service/AdminTravelServiceImpl.java,273
ts-admin-user-service,ts-user-service,ts-admin-user-service/src/main/java/adminuser/service/AdminUserServiceImpl.java,43
ts-admin-user-service,ts-user-service,ts-admin-user-service/src/main/java/adminuser/service/AdminUserServiceImpl.java,68
ts-admin-user-service,ts-user-service,ts-admin-user-service/src/main/java/adminuser/service/AdminUserServiceImpl.java,92
ts-admin-user-service,ts-user-service,ts-admin-user-service/src/main/java/adminuser/service/AdminUserServiceImpl.java,113
ts-auth-service,ts-verification-code-service,ts-auth-service/src/main/java/auth/service/impl/TokenServiceImpl.java,64
ts-basic-service,ts-station-service,ts-basic-service/src/main/java/fdse/microservice/service/BasicServiceImpl.java,327
ts-basic-service,ts-station-service,ts-basic-service/src/main/java/fdse/microservice/service/BasicServiceImpl.java,344
ts-basic-service,ts-station-service,ts-basic-service/src/main/java/fdse/microservice/service/BasicServiceImpl.java,361
ts-basic-service,ts-train-service,ts-basic-service/src/main/java/fdse/microservice/service/BasicServiceImpl.java,375
ts-basic-service,ts-train-service,ts-basic-service/src/main/java/fdse/microservice/service/BasicServiceImpl.java,392
ts-basic-service,ts-route-service,ts-basic-service/src/main/java/fdse/microservice/service/BasicServiceImpl.java,406
ts-basic-service,ts-route-service,ts-basic-service/src/main/java/fdse/microservice/service/BasicServiceImpl.java,426
ts-basic-service,ts-price-service,ts-basic-service/src/main/java/fdse/microservice/service/BasicServiceImpl.java,445
ts-basic-service,ts-price-service,ts-basic-service/src/main/java/fdse/microservice/service/BasicServiceImpl.java,460
ts-cancel-service,ts-notification-service,ts-cancel-service/src/main/java/cancel/service/CancelServiceImpl.java,147
ts-cancel-service,ts-order-service,ts-cancel-service/src/main/java/cancel/service/CancelServiceImpl.java,244
ts-cancel-service,ts-order-other-service,ts-cancel-service/src/main/java/cancel/service/CancelServiceImpl.java,268
ts-cancel-service,ts-inside-payment-service,ts-cancel-service/src/main/java/cancel/service/CancelServiceImpl.java,283
ts-cancel-service,ts-user-service,ts-cancel-service/src/main/java/cancel/service/CancelServiceImpl.java,298
ts-cancel-service,ts-order-service,ts-cancel-service/src/main/java/cancel/service/CancelServiceImpl.java,312
ts-cancel-service,ts-order-other-service,ts-cancel-service/src/main/java/cancel/service/CancelServiceImpl.java,326
ts-consign-service,ts-consign-price-service,ts-consign-service/src/main/java/consign/service/ConsignServiceImpl.java,66
ts-consign-service,ts-consign-price-service,ts-consign-service/src/main/java/consign/service/ConsignServiceImpl.java,99
ts-execute-service,ts-order-service,ts-execute-service/src/main/java/execute/serivce/ExecuteServiceImpl.java,140
ts-execute-service,ts-order-other-service,ts-execute-service/src/main/java/execute/serivce/ExecuteServiceImpl.java,154
ts-execute-service,ts-order-service,ts-execute-service/src/main/java/execute/serivce/ExecuteServiceImpl.java,167
ts-execute-service,ts-order-other-service,ts-execute-service/src/main/java/execute/serivce/ExecuteServiceImpl.java,181
ts-food-delivery-service,ts-station-food-service,ts-food-delivery-service/src/main/java/food_delivery/service/FoodDeliveryServiceImpl.java,47
ts-food-service,ts-train-food-service,ts-food-service/src/main/java/foodsearch/service/FoodServiceImpl.java,228
ts-food-service,ts-travel-service,ts-food-service/src/main/java/foodsearch/service/FoodServiceImpl.java,250
ts-food-service,ts-station-food-service,ts-food-service/src/main/java/foodsearch/service/FoodServiceImpl.java,285
ts-inside-payment-service,ts-order-service,ts-inside-payment-service/src/main/java/inside_payment/service/InsidePaymentServiceImpl.java,51
ts-inside-payment-service,ts-order-other-service,ts-inside-payment-service/src/main/java/inside_payment/service/InsidePaymentServiceImpl.java,52
ts-inside-payment-service,ts-payment-service,ts-inside-payment-service/src/main/java/inside_payment/service/InsidePaymentServiceImpl.java,109
ts-inside-payment-service,ts-payment-service,ts-inside-payment-service/src/main/java/inside_payment/service/InsidePaymentServiceImpl.java,296
ts-inside-payment-service,ts-order-service,ts-inside-payment-service/src/main/java/inside_payment/service/InsidePaymentServiceImpl.java,338
ts-inside-payment-service,ts-order-other-service,ts-inside-payment-service/src/main/java/inside_payment/service/InsidePaymentServiceImpl.java,348
ts-order-other-service,ts-station-service,ts-order-other-service/src/main/java/other/service/OrderOtherServiceImpl.java,226
ts-order-service,ts-station-service,ts-order-service/src/main/java/order/service/OrderServiceImpl.java,211
ts-preserve-other-service,ts-basic-service,ts-preserve-other-service/src/main/java/preserveOther/service/PreserveOtherServiceImpl.java,131
ts-preserve-other-service,ts-seat-service,ts-preserve-other-service/src/main/java/preserveOther/service/PreserveOtherServiceImpl.java,276
ts-preserve-other-service,ts-user-service,ts-preserve-other-service/src/main/java/preserveOther/service/PreserveOtherServiceImpl.java,304
ts-preserve-other-service,ts-assurance-service,ts-preserve-other-service/src/main/java/preserveOther/service/PreserveOtherServiceImpl.java,320
ts-preserve-other-service,ts-station-service,ts-preserve-other-service/src/main/java/preserveOther/service/PreserveOtherServiceImpl.java,337
ts-preserve-other-service,ts-security-service,ts-preserve-other-service/src/main/java/preserveOther/service/PreserveOtherServiceImpl.java,351
ts-preserve-other-service,ts-travel2-service,ts-preserve-other-service/src/main/java/preserveOther/service/PreserveOtherServiceImpl.java,366
ts-preserve-other-service,ts-contacts-service,ts-preserve-other-service/src/main/java/preserveOther/service/PreserveOtherServiceImpl.java,381
ts-preserve-other-service,ts-order-other-service,ts-preserve-other-service/src/main/java/preserveOther/service/PreserveOtherServiceImpl.java,396
ts-preserve-other-service,ts-food-service,ts-preserve-other-service/src/main/java/preserveOther/service/PreserveOtherServiceImpl.java,412
ts-preserve-other-service,ts-consign-service,ts-preserve-other-service/src/main/java/preserveOther/service/PreserveOtherServiceImpl.java,426
ts-preserve-service,ts-basic-service,ts-preserve-service/src/main/java/preserve/service/PreserveServiceImpl.java,128
ts-preserve-service,ts-seat-service,ts-preserve-service/src/main/java/preserve/service/PreserveServiceImpl.java,277
ts-preserve-service,ts-user-service,ts-preserve-service/src/main/java/preserve/service/PreserveServiceImpl.java,305
ts-preserve-service,ts-assurance-service,ts-preserve-service/src/main/java/preserve/service/PreserveServiceImpl.java,319
ts-preserve-service,ts-station-service,ts-preserve-service/src/main/java/preserve/service/PreserveServiceImpl.java,334
ts-preserve-service,ts-security-service,ts-preserve-service/src/main/java/preserve/service/PreserveServiceImpl.java,349
ts-preserve-service,ts-travel-service,ts-preserve-service/src/main/java/preserve/service/PreserveServiceImpl.java,364
ts-preserve-service,ts-contacts-service,ts-preserve-service/src/main/java/preserve/service/PreserveServiceImpl.java,380
ts-preserve-service,ts-order-service,ts-preserve-service/src/main/java/preserve/service/PreserveServiceImpl.java,395
ts-preserve-service,ts-food-service,ts-preserve-service/src/main/java/preserve/service/PreserveServiceImpl.java,410
ts-preserve-service,ts-consign-service,ts-preserve-service/src/main/java/preserve/service/PreserveServiceImpl.java,424
ts-rebook-service,ts-seat-service,ts-rebook-service/src/main/java/rebook/service/RebookServiceImpl.java,250
ts-rebook-service,ts-travel-service,ts-rebook-service/src/main/java/rebook/service/RebookServiceImpl.java,298
ts-rebook-service,ts-travel2-service,ts-rebook-service/src/main/java/rebook/service/RebookServiceImpl.java,299
ts-rebook-service,ts-order-service,ts-rebook-service/src/main/java/rebook/service/RebookServiceImpl.java,321
ts-rebook-service,ts-order-other-service,ts-rebook-service/src/main/java/rebook/service/RebookServiceImpl.java,322
ts-rebook-service,ts-order-service,ts-rebook-service/src/main/java/rebook/service/RebookServiceImpl.java,342
ts-rebook-service,ts-order-other-service,ts-rebook-service/src/main/java/rebook/service/RebookServiceImpl.java,343
ts-rebook-service,ts-order-service,ts-rebook-service/src/main/java/rebook/service/RebookServiceImpl.java,362
ts-rebook-service,ts-order-other-service,ts-rebook-service/src/main/java/rebook/service/RebookServiceImpl.java,363
ts-rebook-service,ts-order-service,ts-rebook-service/src/main/java/rebook/service/RebookServiceImpl.java,384
ts-rebook-service,ts-order-other-service,ts-rebook-service/src/main/java/rebook/service/RebookServiceImpl.java,385
ts-rebook-service,ts-train-service,ts-rebook-service/src/main/java/rebook/service/RebookServiceImpl.java,406
ts-rebook-service,ts-route-service,ts-rebook-service/src/main/java/rebook/service/RebookServiceImpl.java,419
ts-rebook-service,ts-inside-payment-service,ts-rebook-service/src/main/java/rebook/service/RebookServiceImpl.java,444
ts-rebook-service,ts-inside-payment-service,ts-rebook-service/src/main/java/rebook/service/RebookServiceImpl.java,458
ts-route-plan-service,ts-route-service,ts-route-plan-service/src/main/java/plan/service/RoutePlanServiceImpl.java,168
ts-route-plan-service,ts-travel-service,ts-route-plan-service/src/main/java/plan/service/RoutePlanServiceImpl.java,204
ts-route-plan-service,ts-travel2-service,ts-route-plan-service/src/main/java/plan/service/RoutePlanServiceImpl.java,214
ts-route-plan-service,ts-route-service,ts-route-plan-service/src/main/java/plan/service/RoutePlanServiceImpl.java,288
ts-route-plan-service,ts-travel-service,ts-route-plan-service/src/main/java/plan/service/RoutePlanServiceImpl.java,309
ts-route-plan-service,ts-travel2-service,ts-route-plan-service/src/main/java/plan/service/RoutePlanServiceImpl.java,324
ts-route-plan-service,ts-travel-service,ts-route-plan-service/src/main/java/plan/service/RoutePlanServiceImpl.java,339
ts-route-plan-service,ts-travel2-service,ts-route-plan-service/src/main/java/plan/service/RoutePlanServiceImpl.java,340
ts-seat-service,ts-order-service,ts-seat-service/src/main/java/seat/service/SeatServiceImpl.java,59
ts-seat-service,ts-order-other-service,ts-seat-service/src/main/java/seat/service/SeatServiceImpl.java,72
ts-seat-service,ts-order-service,ts-seat-service/src/main/java/seat/service/SeatServiceImpl.java,143
ts-seat-service,ts-order-other-service,ts-seat-service/src/main/java/seat/service/SeatServiceImpl.java,159
ts-seat-service,ts-config-service,ts-seat-service/src/main/java/seat/service/SeatServiceImpl.java,209
ts-security-service,ts-order-service,ts-security-service/src/main/java/security/service/SecurityServiceImpl.java,132
ts-security-service,ts-order-other-service,ts-security-service/src/main/java/security/service/SecurityServiceImpl.java,147
ts-travel-plan-service,ts-seat-service,ts-travel-plan-service/src/main/java/travelplan/service/TravelPlanServiceImpl.java,243
ts-travel-plan-service,ts-route-plan-service,ts-travel-plan-service/src/main/java/travelplan/service/TravelPlanServiceImpl.java,256
ts-travel-plan-service,ts-route-plan-service,ts-travel-plan-service/src/main/java/travelplan/service/TravelPlanServiceImpl.java,268
ts-travel-plan-service,ts-route-plan-service,ts-travel-plan-service/src/main/java/travelplan/service/TravelPlanServiceImpl.java,281
ts-travel-plan-service,ts-travel-service,ts-travel-plan-service/src/main/java/travelplan/service/TravelPlanServiceImpl.java,293
ts-travel-plan-service,ts-travel2-service,ts-travel-plan-service/src/main/java/travelplan/service/TravelPlanServiceImpl.java,306
ts-travel-plan-service,ts-train-service,ts-travel-plan-service/src/main/java/travelplan/service/TravelPlanServiceImpl.java,319
ts-travel-service,ts-basic-service,ts-travel-service/src/main/java/travel/service/TravelServiceImpl.java,346
ts-travel-service,ts-basic-service,ts-travel-service/src/main/java/travel/service/TravelServiceImpl.java,395
ts-travel-service,ts-train-service,ts-travel-service/src/main/java/travel/service/TravelServiceImpl.java,506
ts-travel-service,ts-route-service,ts-travel-service/src/main/java/travel/service/TravelServiceImpl.java,520
ts-travel-service,ts-seat-service,ts-travel-service/src/main/java/travel/service/TravelServiceImpl.java,551
ts-travel2-service,ts-basic-service,ts-travel2-service/src/main/java/travel2/service/TravelServiceImpl.java,263
ts-travel2-service,ts-basic-service,ts-travel2-service/src/main/java/travel2/service/TravelServiceImpl.java,311
ts-travel2-service,ts-train-service,ts-travel2-service/src/main/java/travel2/service/TravelServiceImpl.java,417
ts-travel2-service,ts-route-service,ts-travel2-service/src/main/java/travel2/service/TravelServiceImpl.java,431
ts-travel2-service,ts-seat-service,ts-travel2-service/src/main/java/travel2/service/TravelServiceImpl.java,462
ts-user-service,ts-auth-service,ts-user-service/src/main/java/user/service/impl/UserServiceImpl.java,71
ts-user-service,ts-auth-service,ts-user-service/src/main/java/user/service/impl/UserServiceImpl.java,84
ts-user-service,ts-auth-service,ts-user-service/src/main/java/user/service/impl/UserServiceImpl.java,86
ts-user-service,ts-auth-service,ts-user-service/src/main/java/user/service/impl/UserServiceImpl.java,181
ts-wait-order-service,ts-preserve-service,ts-wait-order-service/src/main/java/waitorder/utils/PollThread.java,43
