service,java_source_present,distinct_java_callers,distinct_java_providers,providers
ts-order-other-service,True,8,1,ts-station-service
ts-order-service,True,8,1,ts-station-service
ts-station-service,True,8,0,
ts-route-service,True,7,0,
ts-train-service,True,7,0,
ts-seat-service,True,6,3,ts-config-service;ts-order-other-service;ts-order-service
ts-travel-service,True,6,4,ts-basic-service;ts-route-service;ts-seat-service;ts-train-service
ts-travel2-service,True,5,4,ts-basic-service;ts-route-service;ts-seat-service;ts-train-service
ts-basic-service,True,4,4,ts-price-service;ts-route-service;ts-station-service;ts-train-service
ts-user-service,True,4,1,ts-auth-service
ts-contacts-service,True,3,0,
ts-assurance-service,True,2,0,
ts-config-service,True,2,0,
ts-consign-service,True,2,1,ts-consign-price-service
ts-food-service,True,2,3,ts-station-food-service;ts-train-food-service;ts-travel-service
ts-inside-payment-service,True,2,3,ts-order-other-service;ts-order-service;ts-payment-service
ts-price-service,True,2,0,
ts-security-service,True,2,2,ts-order-other-service;ts-order-service
ts-station-food-service,True,2,0,
ts-auth-service,True,1,1,ts-verification-code-service
ts-consign-price-service,True,1,0,
ts-notification-service,True,1,0,
ts-payment-service,True,1,0,
ts-preserve-service,True,1,11,ts-assurance-service;ts-basic-service;ts-consign-service;ts-contacts-service;ts-food-service;ts-order-service;ts-seat-service;ts-security-service;ts-station-service;ts-travel-service;ts-user-service
ts-route-plan-service,True,1,3,ts-route-service;ts-travel-service;ts-travel2-service
ts-train-food-service,True,1,0,
ts-verification-code-service,True,1,0,
ts-admin-basic-info-service,True,0,5,ts-config-service;ts-contacts-service;ts-price-service;ts-station-service;ts-train-service
ts-admin-order-service,True,0,2,ts-order-other-service;ts-order-service
ts-admin-route-service,True,0,2,ts-route-service;ts-station-service
ts-admin-travel-service,True,0,5,ts-route-service;ts-station-service;ts-train-service;ts-travel-service;ts-travel2-service
ts-admin-user-service,True,0,1,ts-user-service
ts-avatar-service,False,0,0,
ts-cancel-service,True,0,5,ts-inside-payment-service;ts-notification-service;ts-order-other-service;ts-order-service;ts-user-service
ts-delivery-service,True,0,0,
ts-execute-service,True,0,2,ts-order-other-service;ts-order-service
ts-food-delivery-service,True,0,1,ts-station-food-service
ts-gateway-service,True,0,0,
ts-news-service,False,0,0,
ts-preserve-other-service,True,0,11,ts-assurance-service;ts-basic-service;ts-consign-service;ts-contacts-service;ts-food-service;ts-order-other-service;ts-seat-service;ts-security-service;ts-station-service;ts-travel2-service;ts-user-service
ts-rebook-service,True,0,8,ts-inside-payment-service;ts-order-other-service;ts-order-service;ts-route-service;ts-seat-service;ts-train-service;ts-travel-service;ts-travel2-service
ts-ticket-office-service,False,0,0,
ts-travel-plan-service,True,0,5,ts-route-plan-service;ts-seat-service;ts-train-service;ts-travel-service;ts-travel2-service
ts-voucher-service,False,0,0,
ts-wait-order-service,True,0,1,ts-preserve-service
