timestamp_utc,sample,service,cpu_percent,memory_bytes,memory_percent,network_io,block_io,pids
2026-08-23T16:57:18.314997+00:00,1,ts-voucher-service,0.0,7409238,0.06,7.04kB / 2.41kB,18MB / 13.5MB,1
2026-08-23T16:57:18.314997+00:00,1,ts-user-mongo,0.36,20090716,0.16,275kB / 523kB,43.9MB / 49.6MB,32
2026-08-23T16:57:18.314997+00:00,1,ts-order-other-mongo,0.33,15843983,0.13,273kB / 527kB,2.32MB / 49.4MB,32
2026-08-23T16:57:18.314997+00:00,1,ts-consign-price-mongo,0.35,15802040,0.13,268kB / 522kB,500kB / 49.4MB,32
2026-08-23T16:57:18.314997+00:00,1,ts-food-mongo,0.35,15225324,0.12,270kB / 521kB,487kB / 49.4MB,32
2026-08-23T16:57:18.314997+00:00,1,ts-consign-price-service,0.09,273992909,2.18,539kB / 260kB,136MB / 45.4MB,41
2026-08-23T16:57:18.314997+00:00,1,ts-account-mongo,0.32,15665725,0.12,16.1kB / 126B,29.1MB / 48.3MB,30
2026-08-23T16:57:18.314997+00:00,1,redis,0.15,4722786,0.04,12.2kB / 126B,59MB / 2.54MB,6
2026-08-23T16:57:18.314997+00:00,1,ts-assurance-mongo,0.38,16798188,0.13,273kB / 520kB,8.89MB / 49.6MB,32
2026-08-23T16:57:18.314997+00:00,1,ts-ui-dashboard,0.0,10538189,0.08,594kB / 731kB,18.3MB / 4.1kB,2
2026-08-23T16:57:18.314997+00:00,1,ts-food-map-mongo,0.35,16336814,0.13,276kB / 526kB,467kB / 50.5MB,32
2026-08-23T16:57:18.314997+00:00,1,ts-contacts-mongo,0.35,15739126,0.13,271kB / 524kB,5.75MB / 49.9MB,32
2026-08-23T16:57:18.314997+00:00,1,ts-avatar-service,0.02,200173158,1.6,7.79kB / 126B,642MB / 14.2MB,49
2026-08-23T16:57:18.314997+00:00,1,ts-train-mongo,0.31,16137585,0.13,282kB / 530kB,17.1MB / 49.7MB,32
2026-08-23T16:57:18.314997+00:00,1,ts-travel2-mongo,0.34,15162409,0.12,271kB / 523kB,377kB / 49.7MB,32
2026-08-23T16:57:18.314997+00:00,1,ts-consign-mongo,0.34,17133732,0.14,271kB / 525kB,3.12MB / 49.7MB,32
2026-08-23T16:57:18.314997+00:00,1,ts-payment-service,0.13,295803290,2.36,531kB / 259kB,124MB / 35.1MB,41
2026-08-23T16:57:18.314997+00:00,1,ts-travel-mongo,0.35,24274534,0.19,280kB / 542kB,83.1MB / 49.7MB,32
2026-08-23T16:57:18.314997+00:00,1,ts-travel2-service,0.1,302619034,2.41,583kB / 326kB,102MB / 37.6MB,41
2026-08-23T16:57:18.314997+00:00,1,ts-execute-service,0.11,258054554,2.06,21.6kB / 4.86kB,78.8MB / 47.2MB,39
2026-08-23T16:57:18.314997+00:00,1,ts-order-mongo,0.41,15435039,0.12,285kB / 548kB,3.49MB / 49.7MB,32
2026-08-23T16:57:18.314997+00:00,1,ts-security-mongo,0.34,14784922,0.12,268kB / 523kB,365kB / 49.5MB,32
2026-08-23T16:57:18.314997+00:00,1,ts-ticket-office-service,0.0,21286093,0.17,389kB / 18.6kB,73MB / 26.2MB,23
2026-08-23T16:57:18.314997+00:00,1,ts-inside-payment-mongo,0.31,15109980,0.12,275kB / 522kB,557kB / 50.5MB,32
2026-08-23T16:57:18.314997+00:00,1,ts-config-mongo,0.38,16808673,0.13,275kB / 522kB,2.73MB / 49.7MB,32
2026-08-23T16:57:18.314997+00:00,1,ts-news-mongo,0.35,14722007,0.12,13.3kB / 126B,332kB / 48.5MB,30
2026-08-23T16:57:18.314997+00:00,1,ts-rebook-mongo,0.67,15854469,0.13,12.7kB / 126B,254kB / 48.3MB,30
2026-08-23T16:57:18.314997+00:00,1,ts-preserve-other-service,0.1,247149363,1.97,13.6kB / 126B,71.5MB / 49.8MB,39
2026-08-23T16:57:18.314997+00:00,1,ts-route-mongo,0.98,15749612,0.13,290kB / 542kB,1.52MB / 49.6MB,32
2026-08-23T16:57:18.314997+00:00,1,ts-price-mongo,0.36,15424553,0.12,280kB / 525kB,11.8MB / 49.6MB,32
2026-08-23T16:57:18.314997+00:00,1,ts-ticket-office-mongo,0.36,15225324,0.12,16.5kB / 1.21kB,5.51MB / 49.5MB,30
2026-08-23T16:57:18.314997+00:00,1,ts-station-mongo,0.85,15298724,0.12,308kB / 570kB,348kB / 49.8MB,33
2026-08-23T16:57:18.314997+00:00,1,ts-admin-user-service,0.09,239809331,1.91,12.9kB / 126B,72.3MB / 44.1MB,39
2026-08-23T16:57:18.314997+00:00,1,ts-security-service,0.08,291818701,2.33,538kB / 262kB,111MB / 40.3MB,41
2026-08-23T16:57:18.314997+00:00,1,ts-payment-mongo,0.35,16924017,0.13,274kB / 521kB,20MB / 49.7MB,32
2026-08-23T16:57:18.314997+00:00,1,ts-station-service,0.08,264346010,2.11,618kB / 338kB,104MB / 33.5MB,41
2026-08-23T16:57:18.314997+00:00,1,ts-auth-mongo,0.41,17542676,0.14,305kB / 575kB,26.2MB / 49.5MB,32
2026-08-23T16:57:18.314997+00:00,1,ts-user-service,0.13,265604301,2.12,538kB / 260kB,103MB / 59.3MB,41
2026-08-23T16:57:18.314997+00:00,1,ts-train-service,0.11,284688384,2.27,545kB / 273kB,112MB / 44.3MB,41
2026-08-23T16:57:18.314997+00:00,1,ts-route-service,0.08,289406976,2.31,572kB / 306kB,103MB / 33.9MB,41
2026-08-23T16:57:18.314997+00:00,1,ts-admin-travel-service,0.09,237502464,1.89,10kB / 126B,77.9MB / 49.2MB,39
2026-08-23T16:57:18.314997+00:00,1,ts-config-service,0.09,297271296,2.37,537kB / 262kB,111MB / 32.6MB,41
2026-08-23T16:57:18.314997+00:00,1,ts-order-other-service,0.08,302514176,2.41,566kB / 282kB,114MB / 40.3MB,41
2026-08-23T16:57:18.314997+00:00,1,ts-inside-payment-service,0.08,279130931,2.23,536kB / 264kB,112MB / 37.9MB,41
2026-08-23T16:57:18.314997+00:00,1,ts-price-service,0.09,291923558,2.33,535kB / 267kB,115MB / 38.3MB,41
2026-08-23T16:57:18.314997+00:00,1,ts-consign-service,0.09,274307482,2.19,547kB / 271kB,99.5MB / 40.4MB,41
2026-08-23T16:57:18.314997+00:00,1,ts-voucher-mysql,0.53,65106084,0.52,18.8kB / 3.01kB,247MB / 469MB,38
2026-08-23T16:57:18.314997+00:00,1,ts-travel-plan-service,0.12,245052211,1.95,12.6kB / 126B,83.1MB / 50.2MB,39
2026-08-23T16:57:18.314997+00:00,1,ts-news-service,0.0,4054843,0.03,11.4kB / 126B,13.8MB / 201kB,5
2026-08-23T16:57:18.314997+00:00,1,ts-travel-service,0.07,286995251,2.29,747kB / 456kB,98.4MB / 36.2MB,41
2026-08-23T16:57:18.314997+00:00,1,ts-preserve-service,0.12,291608986,2.32,28.1kB / 23.1kB,96.4MB / 37.2MB,39
2026-08-23T16:57:18.314997+00:00,1,ts-route-plan-service,0.11,232679014,1.86,11.1kB / 126B,73.8MB / 48.6MB,39
2026-08-23T16:57:18.314997+00:00,1,ts-contacts-service,0.12,284478669,2.27,542kB / 262kB,102MB / 39.5MB,41
2026-08-23T16:57:18.314997+00:00,1,ts-basic-service,0.08,249980518,1.99,50.2kB / 37.3kB,74.9MB / 40.1MB,39
2026-08-23T16:57:18.314997+00:00,1,ts-admin-basic-info-service,0.06,225234125,1.8,12.8kB / 126B,86MB / 59MB,39
2026-08-23T16:57:18.314997+00:00,1,ts-ticketinfo-service,0.08,256062259,2.04,42kB / 30.3kB,95.1MB / 43.3MB,39
2026-08-23T16:57:18.314997+00:00,1,ts-cancel-service,0.09,233203302,1.86,13.5kB / 126B,80.4MB / 47.9MB,39
2026-08-23T16:57:18.314997+00:00,1,ts-food-service,0.13,296327578,2.36,541kB / 264kB,104MB / 41.2MB,41
2026-08-23T16:57:18.314997+00:00,1,ts-assurance-service,0.08,256481690,2.04,534kB / 259kB,93.5MB / 43.7MB,41
2026-08-23T16:57:18.314997+00:00,1,ts-verification-code-service,0.08,233203302,1.86,53.2kB / 64.4kB,100MB / 65.8MB,40
2026-08-23T16:57:18.314997+00:00,1,ts-order-service,0.07,287834112,2.29,598kB / 317kB,109MB / 35.1MB,41
2026-08-23T16:57:18.314997+00:00,1,ts-admin-order-service,0.09,227540992,1.81,8.62kB / 126B,78.2MB / 49.8MB,39
2026-08-23T16:57:18.314997+00:00,1,ts-auth-service,0.17,267491738,2.13,682kB / 391kB,139MB / 41.8MB,41
2026-08-23T16:57:18.314997+00:00,1,ts-notification-service,0.1,289931264,2.31,12.4kB / 126B,105MB / 34MB,42
2026-08-23T16:57:18.314997+00:00,1,ts-seat-service,0.11,253440819,2.02,29kB / 14.8kB,86.2MB / 43.1MB,39
2026-08-23T16:57:18.314997+00:00,1,ts-rebook-service,0.11,233622733,1.86,9.81kB / 126B,84.1MB / 48.4MB,39
2026-08-23T16:57:18.314997+00:00,1,ts-admin-route-service,0.21,211707494,1.69,8.63kB / 126B,83.9MB / 62.7MB,39
2026-08-23T16:57:18.314997+00:00,1,ts-food-map-service,0.08,288358400,2.3,536kB / 270kB,96.8MB / 31.1MB,41
2026-08-23T16:57:21.983285+00:00,2,ts-voucher-service,0.0,7409238,0.06,7.04kB / 2.41kB,18MB / 13.5MB,1
2026-08-23T16:57:21.983285+00:00,2,ts-user-mongo,0.28,20090716,0.16,275kB / 524kB,43.9MB / 49.7MB,32
2026-08-23T16:57:21.983285+00:00,2,ts-order-other-mongo,0.34,15581839,0.12,273kB / 528kB,2.32MB / 49.5MB,32
2026-08-23T16:57:21.983285+00:00,2,ts-consign-price-mongo,0.32,15277752,0.12,268kB / 522kB,500kB / 49.5MB,32
2026-08-23T16:57:21.983285+00:00,2,ts-food-mongo,0.23,14973665,0.12,270kB / 521kB,487kB / 49.5MB,32
2026-08-23T16:57:21.983285+00:00,2,ts-consign-price-service,0.06,273992909,2.18,539kB / 260kB,136MB / 45.4MB,41
2026-08-23T16:57:21.983285+00:00,2,ts-account-mongo,0.26,16190013,0.13,16.1kB / 126B,29.1MB / 48.4MB,30
2026-08-23T16:57:21.983285+00:00,2,redis,0.17,5251269,0.04,12.2kB / 126B,59MB / 2.54MB,6
2026-08-23T16:57:21.983285+00:00,2,ts-assurance-mongo,0.32,16546529,0.13,273kB / 521kB,8.89MB / 49.7MB,32
2026-08-23T16:57:21.983285+00:00,2,ts-ui-dashboard,0.0,10538189,0.08,594kB / 731kB,18.3MB / 4.1kB,2
2026-08-23T16:57:21.983285+00:00,2,ts-food-map-mongo,0.27,15581839,0.12,276kB / 527kB,467kB / 50.6MB,32
2026-08-23T16:57:21.983285+00:00,2,ts-contacts-mongo,0.23,15476982,0.12,271kB / 524kB,5.75MB / 50MB,32
2026-08-23T16:57:21.983285+00:00,2,ts-avatar-service,0.07,200697446,1.6,7.79kB / 126B,642MB / 14.2MB,49
2026-08-23T16:57:21.983285+00:00,2,ts-train-mongo,0.95,16399729,0.13,282kB / 530kB,17.1MB / 49.8MB,32
2026-08-23T16:57:21.983285+00:00,2,ts-travel2-mongo,0.27,15204352,0.12,271kB / 524kB,377kB / 49.7MB,32
2026-08-23T16:57:21.983285+00:00,2,ts-consign-mongo,0.26,16588472,0.13,272kB / 525kB,3.12MB / 49.8MB,32
2026-08-23T16:57:21.983285+00:00,2,ts-payment-service,0.1,295803290,2.36,531kB / 259kB,124MB / 35.1MB,41
2026-08-23T16:57:21.983285+00:00,2,ts-travel-mongo,0.31,24798822,0.2,280kB / 542kB,83.1MB / 49.8MB,32
2026-08-23T16:57:21.983285+00:00,2,ts-travel2-service,0.14,302828749,2.41,583kB / 326kB,102MB / 37.6MB,41
2026-08-23T16:57:21.983285+00:00,2,ts-execute-service,0.07,258054554,2.06,21.6kB / 4.86kB,78.8MB / 47.2MB,39
2026-08-23T16:57:21.983285+00:00,2,ts-order-mongo,0.33,15665725,0.12,285kB / 549kB,3.49MB / 49.8MB,32
2026-08-23T16:57:21.983285+00:00,2,ts-security-mongo,0.24,14271119,0.11,268kB / 523kB,365kB / 49.5MB,32
2026-08-23T16:57:21.983285+00:00,2,ts-ticket-office-service,0.0,21286093,0.17,389kB / 18.6kB,73MB / 26.2MB,23
2026-08-23T16:57:21.983285+00:00,2,ts-inside-payment-mongo,0.33,15592325,0.12,275kB / 522kB,557kB / 50.6MB,32
2026-08-23T16:57:21.983285+00:00,2,ts-config-mongo,0.32,17060332,0.14,275kB / 522kB,2.73MB / 49.8MB,32
2026-08-23T16:57:21.983285+00:00,2,ts-news-mongo,0.28,14459863,0.12,13.3kB / 126B,332kB / 48.5MB,30
2026-08-23T16:57:21.983285+00:00,2,ts-rebook-mongo,0.33,16137585,0.13,12.7kB / 126B,254kB / 48.3MB,30
2026-08-23T16:57:21.983285+00:00,2,ts-preserve-other-service,0.09,247149363,1.97,13.6kB / 126B,71.5MB / 49.8MB,39
2026-08-23T16:57:21.983285+00:00,2,ts-route-mongo,0.31,15749612,0.13,290kB / 542kB,1.52MB / 49.7MB,32
2026-08-23T16:57:21.983285+00:00,2,ts-price-mongo,0.25,15948841,0.13,280kB / 525kB,11.8MB / 49.7MB,32
2026-08-23T16:57:21.983285+00:00,2,ts-ticket-office-mongo,0.26,15225324,0.12,16.5kB / 1.21kB,5.51MB / 49.5MB,30
2026-08-23T16:57:21.983285+00:00,2,ts-station-mongo,0.32,14732493,0.12,308kB / 570kB,348kB / 49.8MB,33
2026-08-23T16:57:21.983285+00:00,2,ts-admin-user-service,0.09,239809331,1.91,12.9kB / 126B,72.3MB / 44.1MB,39
2026-08-23T16:57:21.983285+00:00,2,ts-security-service,0.08,291818701,2.33,539kB / 262kB,111MB / 40.3MB,41
2026-08-23T16:57:21.983285+00:00,2,ts-payment-mongo,0.3,16944988,0.14,274kB / 521kB,20MB / 49.8MB,32
2026-08-23T16:57:21.983285+00:00,2,ts-station-service,0.09,264031437,2.11,618kB / 338kB,104MB / 33.5MB,41
2026-08-23T16:57:21.983285+00:00,2,ts-auth-mongo,0.23,17773363,0.14,305kB / 575kB,26.2MB / 49.5MB,32
2026-08-23T16:57:21.983285+00:00,2,ts-user-service,0.13,265814016,2.12,538kB / 261kB,103MB / 59.3MB,41
2026-08-23T16:57:21.983285+00:00,2,ts-train-service,0.11,284688384,2.27,546kB / 273kB,112MB / 44.3MB,41
2026-08-23T16:57:21.983285+00:00,2,ts-route-service,0.07,289406976,2.31,572kB / 306kB,103MB / 33.9MB,41
2026-08-23T16:57:21.983285+00:00,2,ts-admin-travel-service,0.07,237502464,1.89,10kB / 126B,77.9MB / 49.2MB,39
2026-08-23T16:57:21.983285+00:00,2,ts-config-service,0.3,297061581,2.37,537kB / 262kB,111MB / 32.6MB,41
2026-08-23T16:57:21.983285+00:00,2,ts-order-other-service,0.07,302514176,2.41,566kB / 282kB,114MB / 40.3MB,41
2026-08-23T16:57:21.983285+00:00,2,ts-inside-payment-service,0.08,278816358,2.22,536kB / 264kB,112MB / 37.9MB,41
2026-08-23T16:57:21.983285+00:00,2,ts-price-service,0.22,292238131,2.33,535kB / 267kB,115MB / 38.3MB,41
2026-08-23T16:57:21.983285+00:00,2,ts-consign-service,0.05,274307482,2.19,547kB / 272kB,99.5MB / 40.4MB,41
2026-08-23T16:57:21.983285+00:00,2,ts-voucher-mysql,0.45,65106084,0.52,18.8kB / 3.01kB,247MB / 469MB,38
2026-08-23T16:57:21.983285+00:00,2,ts-travel-plan-service,0.09,245052211,1.95,12.6kB / 126B,83.1MB / 50.2MB,39
2026-08-23T16:57:21.983285+00:00,2,ts-news-service,0.0,4054843,0.03,11.4kB / 126B,13.8MB / 201kB,5
2026-08-23T16:57:21.983285+00:00,2,ts-travel-service,0.1,286995251,2.29,748kB / 456kB,98.4MB / 36.2MB,41
2026-08-23T16:57:21.983285+00:00,2,ts-preserve-service,0.06,291608986,2.32,28.1kB / 23.1kB,96.4MB / 37.2MB,39
2026-08-23T16:57:21.983285+00:00,2,ts-route-plan-service,0.11,232679014,1.86,11.1kB / 126B,73.8MB / 48.6MB,39
2026-08-23T16:57:21.983285+00:00,2,ts-contacts-service,0.07,284478669,2.27,542kB / 262kB,102MB / 39.5MB,41
2026-08-23T16:57:21.983285+00:00,2,ts-basic-service,0.1,249980518,1.99,50.2kB / 37.3kB,74.9MB / 40.1MB,39
2026-08-23T16:57:21.983285+00:00,2,ts-admin-basic-info-service,0.08,225234125,1.8,12.8kB / 126B,86MB / 59MB,39
2026-08-23T16:57:21.983285+00:00,2,ts-ticketinfo-service,0.08,256062259,2.04,42kB / 30.3kB,95.1MB / 43.3MB,39
2026-08-23T16:57:21.983285+00:00,2,ts-cancel-service,0.1,233203302,1.86,13.5kB / 126B,80.4MB / 47.9MB,39
2026-08-23T16:57:21.983285+00:00,2,ts-food-service,0.09,296327578,2.36,541kB / 264kB,104MB / 41.2MB,41
2026-08-23T16:57:21.983285+00:00,2,ts-assurance-service,0.08,256481690,2.04,534kB / 260kB,93.5MB / 43.7MB,41
2026-08-23T16:57:21.983285+00:00,2,ts-verification-code-service,0.08,233203302,1.86,53.2kB / 64.4kB,100MB / 65.8MB,40
2026-08-23T16:57:21.983285+00:00,2,ts-order-service,0.14,287834112,2.29,598kB / 318kB,109MB / 35.1MB,41
2026-08-23T16:57:21.983285+00:00,2,ts-admin-order-service,0.11,227540992,1.81,8.62kB / 126B,78.2MB / 49.8MB,39
2026-08-23T16:57:21.983285+00:00,2,ts-auth-service,0.09,267491738,2.13,682kB / 391kB,139MB / 41.8MB,41
2026-08-23T16:57:21.983285+00:00,2,ts-notification-service,0.09,289721549,2.31,12.4kB / 126B,105MB / 34MB,42
2026-08-23T16:57:21.983285+00:00,2,ts-seat-service,0.13,253440819,2.02,29kB / 14.8kB,86.2MB / 43.1MB,39
2026-08-23T16:57:21.983285+00:00,2,ts-rebook-service,0.09,233622733,1.86,9.81kB / 126B,84.1MB / 48.4MB,39
2026-08-23T16:57:21.983285+00:00,2,ts-admin-route-service,0.06,211707494,1.69,8.63kB / 126B,83.9MB / 62.7MB,39
2026-08-23T16:57:21.983285+00:00,2,ts-food-map-service,0.08,288358400,2.3,537kB / 270kB,96.8MB / 31.1MB,41
2026-08-23T16:57:25.683393+00:00,3,ts-voucher-service,0.0,7409238,0.06,7.04kB / 2.41kB,18MB / 13.5MB,1
2026-08-23T16:57:25.683393+00:00,3,ts-user-mongo,0.43,19566428,0.16,275kB / 524kB,43.9MB / 49.7MB,32
2026-08-23T16:57:25.683393+00:00,3,ts-order-other-mongo,0.84,15823012,0.13,273kB / 528kB,2.32MB / 49.5MB,32
2026-08-23T16:57:25.683393+00:00,3,ts-consign-price-mongo,0.42,15539896,0.12,268kB / 523kB,500kB / 49.5MB,32
2026-08-23T16:57:25.683393+00:00,3,ts-food-mongo,1.04,14417920,0.11,270kB / 521kB,487kB / 49.5MB,32
2026-08-23T16:57:25.683393+00:00,3,ts-consign-price-service,0.1,274307482,2.19,539kB / 260kB,136MB / 45.4MB,41
2026-08-23T16:57:25.683393+00:00,3,ts-account-mongo,0.91,15634268,0.12,16.1kB / 126B,29.1MB / 48.4MB,30
2026-08-23T16:57:25.683393+00:00,3,redis,0.21,4989125,0.04,12.2kB / 126B,59MB / 2.54MB,6
2026-08-23T16:57:25.683393+00:00,3,ts-assurance-mongo,0.42,17070817,0.14,273kB / 521kB,8.89MB / 49.7MB,32
2026-08-23T16:57:25.683393+00:00,3,ts-ui-dashboard,0.0,10538189,0.08,594kB / 731kB,18.3MB / 4.1kB,2
2026-08-23T16:57:25.683393+00:00,3,ts-food-map-mongo,0.38,16106127,0.13,276kB / 527kB,467kB / 50.6MB,32
2026-08-23T16:57:25.683393+00:00,3,ts-contacts-mongo,0.91,15707668,0.13,271kB / 524kB,5.75MB / 50MB,32
2026-08-23T16:57:25.683393+00:00,3,ts-avatar-service,0.01,200173158,1.6,7.79kB / 126B,642MB / 14.2MB,49
2026-08-23T16:57:25.683393+00:00,3,ts-train-mongo,0.78,16378757,0.13,282kB / 530kB,17.1MB / 49.8MB,32
2026-08-23T16:57:25.683393+00:00,3,ts-travel2-mongo,1.07,15728640,0.13,271kB / 524kB,377kB / 49.8MB,32
2026-08-23T16:57:25.683393+00:00,3,ts-consign-mongo,0.31,17133732,0.14,272kB / 525kB,3.12MB / 49.8MB,32
2026-08-23T16:57:25.683393+00:00,3,ts-payment-service,0.16,295803290,2.36,532kB / 260kB,124MB / 35.1MB,41
2026-08-23T16:57:25.683393+00:00,3,ts-travel-mongo,0.84,24777851,0.2,280kB / 542kB,83.1MB / 49.8MB,32
2026-08-23T16:57:25.683393+00:00,3,ts-travel2-service,0.11,302828749,2.41,583kB / 326kB,102MB / 37.6MB,41
2026-08-23T16:57:25.683393+00:00,3,ts-execute-service,0.07,258054554,2.06,21.6kB / 4.86kB,78.8MB / 47.2MB,39
2026-08-23T16:57:25.683393+00:00,3,ts-order-mongo,0.39,15927869,0.13,285kB / 549kB,3.49MB / 49.8MB,32
2026-08-23T16:57:25.683393+00:00,3,ts-security-mongo,0.96,14522778,0.12,268kB / 523kB,365kB / 49.5MB,32
2026-08-23T16:57:25.683393+00:00,3,ts-ticket-office-service,0.0,21286093,0.17,389kB / 18.6kB,73MB / 26.2MB,23
2026-08-23T16:57:25.683393+00:00,3,ts-inside-payment-mongo,0.44,15099494,0.12,275kB / 522kB,557kB / 50.6MB,32
2026-08-23T16:57:25.683393+00:00,3,ts-config-mongo,0.96,17039360,0.14,275kB / 522kB,2.73MB / 49.8MB,32
2026-08-23T16:57:25.683393+00:00,3,ts-news-mongo,0.43,14491320,0.12,13.3kB / 126B,332kB / 48.5MB,30
2026-08-23T16:57:25.683393+00:00,3,ts-rebook-mongo,0.44,16137585,0.13,12.7kB / 126B,254kB / 48.3MB,30
2026-08-23T16:57:25.683393+00:00,3,ts-preserve-other-service,0.07,247149363,1.97,13.6kB / 126B,71.5MB / 49.8MB,39
2026-08-23T16:57:25.683393+00:00,3,ts-route-mongo,0.44,15749612,0.13,290kB / 543kB,1.52MB / 49.7MB,32
2026-08-23T16:57:25.683393+00:00,3,ts-price-mongo,0.39,16210985,0.13,280kB / 525kB,11.8MB / 49.7MB,32
2026-08-23T16:57:25.683393+00:00,3,ts-ticket-office-mongo,0.45,15225324,0.12,16.5kB / 1.21kB,5.51MB / 49.5MB,30
2026-08-23T16:57:25.683393+00:00,3,ts-station-mongo,0.51,14994637,0.12,308kB / 570kB,348kB / 49.8MB,33
2026-08-23T16:57:25.683393+00:00,3,ts-admin-user-service,0.14,239809331,1.91,12.9kB / 126B,72.3MB / 44.1MB,39
2026-08-23T16:57:25.683393+00:00,3,ts-security-service,0.08,291818701,2.33,539kB / 262kB,111MB / 40.3MB,41
2026-08-23T16:57:25.683393+00:00,3,ts-payment-mongo,1.24,17186161,0.14,274kB / 522kB,20MB / 49.8MB,32
2026-08-23T16:57:25.683393+00:00,3,ts-station-service,0.1,264031437,2.11,618kB / 338kB,104MB / 33.6MB,41
2026-08-23T16:57:25.683393+00:00,3,ts-auth-mongo,0.39,17280532,0.14,305kB / 575kB,26.2MB / 49.5MB,32
2026-08-23T16:57:25.683393+00:00,3,ts-user-service,0.12,265604301,2.12,538kB / 261kB,103MB / 59.3MB,41
2026-08-23T16:57:25.683393+00:00,3,ts-train-service,0.07,284688384,2.27,546kB / 273kB,112MB / 44.3MB,41
2026-08-23T16:57:25.683393+00:00,3,ts-route-service,0.16,289406976,2.31,573kB / 306kB,103MB / 33.9MB,41
2026-08-23T16:57:25.683393+00:00,3,ts-admin-travel-service,0.08,237502464,1.89,10kB / 126B,77.9MB / 49.2MB,39
2026-08-23T16:57:25.683393+00:00,3,ts-config-service,0.06,297061581,2.37,537kB / 262kB,111MB / 32.6MB,41
2026-08-23T16:57:25.683393+00:00,3,ts-order-other-service,0.08,302514176,2.41,566kB / 282kB,114MB / 40.3MB,41
2026-08-23T16:57:25.683393+00:00,3,ts-inside-payment-service,0.09,278816358,2.22,536kB / 264kB,112MB / 37.9MB,41
2026-08-23T16:57:25.683393+00:00,3,ts-price-service,0.08,292238131,2.33,535kB / 267kB,115MB / 38.3MB,41
2026-08-23T16:57:25.683393+00:00,3,ts-consign-service,0.07,274307482,2.19,547kB / 272kB,99.5MB / 40.4MB,41
2026-08-23T16:57:25.683393+00:00,3,ts-voucher-mysql,0.49,65106084,0.52,18.8kB / 3.01kB,247MB / 469MB,38
2026-08-23T16:57:25.683393+00:00,3,ts-travel-plan-service,0.07,245052211,1.95,12.6kB / 126B,83.1MB / 50.2MB,39
2026-08-23T16:57:25.683393+00:00,3,ts-news-service,0.0,4054843,0.03,11.4kB / 126B,13.8MB / 201kB,5
2026-08-23T16:57:25.683393+00:00,3,ts-travel-service,0.07,286995251,2.29,748kB / 456kB,98.4MB / 36.2MB,41
2026-08-23T16:57:25.683393+00:00,3,ts-preserve-service,0.1,291608986,2.32,28.1kB / 23.1kB,96.4MB / 37.2MB,39
2026-08-23T16:57:25.683393+00:00,3,ts-route-plan-service,0.09,232679014,1.86,11.1kB / 126B,73.8MB / 48.6MB,39
2026-08-23T16:57:25.683393+00:00,3,ts-contacts-service,0.16,284478669,2.27,542kB / 262kB,102MB / 39.5MB,41
2026-08-23T16:57:25.683393+00:00,3,ts-basic-service,0.07,249980518,1.99,50.2kB / 37.3kB,74.9MB / 40.1MB,39
2026-08-23T16:57:25.683393+00:00,3,ts-admin-basic-info-service,0.08,225234125,1.8,12.8kB / 126B,86MB / 59MB,39
2026-08-23T16:57:25.683393+00:00,3,ts-ticketinfo-service,0.12,256062259,2.04,42kB / 30.3kB,95.1MB / 43.3MB,39
2026-08-23T16:57:25.683393+00:00,3,ts-cancel-service,0.11,233203302,1.86,13.5kB / 126B,80.4MB / 47.9MB,39
2026-08-23T16:57:25.683393+00:00,3,ts-food-service,0.08,296327578,2.36,541kB / 264kB,104MB / 41.2MB,41
2026-08-23T16:57:25.683393+00:00,3,ts-assurance-service,0.1,256481690,2.04,534kB / 260kB,93.5MB / 43.7MB,41
2026-08-23T16:57:25.683393+00:00,3,ts-verification-code-service,0.08,233203302,1.86,53.2kB / 64.4kB,100MB / 65.8MB,40
2026-08-23T16:57:25.683393+00:00,3,ts-order-service,0.1,287834112,2.29,598kB / 318kB,109MB / 35.1MB,41
2026-08-23T16:57:25.683393+00:00,3,ts-admin-order-service,0.1,227540992,1.81,8.62kB / 126B,78.2MB / 49.8MB,39
2026-08-23T16:57:25.683393+00:00,3,ts-auth-service,0.12,267491738,2.13,682kB / 391kB,139MB / 41.8MB,41
2026-08-23T16:57:25.683393+00:00,3,ts-notification-service,0.11,289721549,2.31,12.4kB / 126B,105MB / 34MB,42
2026-08-23T16:57:25.683393+00:00,3,ts-seat-service,0.08,253440819,2.02,29kB / 14.8kB,86.2MB / 43.1MB,39
2026-08-23T16:57:25.683393+00:00,3,ts-rebook-service,0.1,233622733,1.86,9.81kB / 126B,84.1MB / 48.4MB,39
2026-08-23T16:57:25.683393+00:00,3,ts-admin-route-service,0.12,211707494,1.69,8.63kB / 126B,83.9MB / 62.7MB,39
2026-08-23T16:57:25.683393+00:00,3,ts-food-map-service,0.08,288358400,2.3,537kB / 270kB,96.8MB / 31.1MB,41
2026-08-23T16:57:29.236276+00:00,4,ts-voucher-service,0.0,7409238,0.06,7.04kB / 2.41kB,18MB / 13.5MB,1
2026-08-23T16:57:29.236276+00:00,4,ts-user-mongo,0.81,19807601,0.16,275kB / 524kB,43.9MB / 49.7MB,32
2026-08-23T16:57:29.236276+00:00,4,ts-order-other-mongo,0.37,16085156,0.13,273kB / 528kB,2.32MB / 49.5MB,32
2026-08-23T16:57:29.236276+00:00,4,ts-consign-price-mongo,0.8,15781069,0.13,268kB / 523kB,500kB / 49.5MB,32
2026-08-23T16:57:29.236276+00:00,4,ts-food-mongo,0.28,14942208,0.12,270kB / 521kB,487kB / 49.5MB,32
2026-08-23T16:57:29.236276+00:00,4,ts-consign-price-service,0.11,274307482,2.19,539kB / 260kB,136MB / 45.4MB,41
2026-08-23T16:57:29.236276+00:00,4,ts-account-mongo,0.3,15403581,0.12,16.1kB / 126B,29.1MB / 48.4MB,30
2026-08-23T16:57:29.236276+00:00,4,redis,0.21,4722786,0.04,12.2kB / 126B,59MB / 2.54MB,6
2026-08-23T16:57:29.236276+00:00,4,ts-assurance-mongo,0.37,17070817,0.14,273kB / 521kB,8.89MB / 49.7MB,32
2026-08-23T16:57:29.236276+00:00,4,ts-ui-dashboard,0.0,10538189,0.08,594kB / 731kB,18.3MB / 4.1kB,2
2026-08-23T16:57:29.236276+00:00,4,ts-food-map-mongo,0.38,16085156,0.13,276kB / 527kB,467kB / 50.6MB,32
2026-08-23T16:57:29.236276+00:00,4,ts-contacts-mongo,0.29,15707668,0.13,271kB / 524kB,5.75MB / 50MB,32
2026-08-23T16:57:29.236276+00:00,4,ts-avatar-service,0.01,200173158,1.6,7.79kB / 126B,642MB / 14.2MB,49
2026-08-23T16:57:29.236276+00:00,4,ts-train-mongo,0.27,16137585,0.13,282kB / 531kB,17.1MB / 49.8MB,32
2026-08-23T16:57:29.236276+00:00,4,ts-travel2-mongo,0.34,15718154,0.13,271kB / 524kB,377kB / 49.8MB,32
2026-08-23T16:57:29.236276+00:00,4,ts-consign-mongo,0.89,17133732,0.14,272kB / 526kB,3.12MB / 49.8MB,32
2026-08-23T16:57:29.236276+00:00,4,ts-payment-service,0.07,295803290,2.36,532kB / 260kB,124MB / 35.1MB,41
2026-08-23T16:57:29.236276+00:00,4,ts-travel-mongo,0.29,24798822,0.2,280kB / 542kB,83.1MB / 49.8MB,32
2026-08-23T16:57:29.236276+00:00,4,ts-travel2-service,0.08,302619034,2.41,583kB / 326kB,102MB / 37.6MB,41
2026-08-23T16:57:29.236276+00:00,4,ts-execute-service,0.08,258054554,2.06,21.6kB / 4.86kB,78.8MB / 47.2MB,39
2026-08-23T16:57:29.236276+00:00,4,ts-order-mongo,0.29,15697183,0.13,285kB / 549kB,3.49MB / 49.8MB,32
2026-08-23T16:57:29.236276+00:00,4,ts-security-mongo,0.39,14795407,0.12,268kB / 524kB,365kB / 49.5MB,32
2026-08-23T16:57:29.236276+00:00,4,ts-ticket-office-service,0.0,21286093,0.17,389kB / 18.6kB,73MB / 26.2MB,23
2026-08-23T16:57:29.236276+00:00,4,ts-inside-payment-mongo,0.71,15340667,0.12,275kB / 522kB,557kB / 50.6MB,32
2026-08-23T16:57:29.236276+00:00,4,ts-config-mongo,0.28,17039360,0.14,275kB / 523kB,2.73MB / 49.8MB,32
2026-08-23T16:57:29.236276+00:00,4,ts-news-mongo,0.44,15015608,0.12,13.3kB / 126B,332kB / 48.5MB,30
2026-08-23T16:57:29.236276+00:00,4,ts-rebook-mongo,0.3,15875441,0.13,12.7kB / 126B,254kB / 48.3MB,30
2026-08-23T16:57:29.236276+00:00,4,ts-preserve-other-service,0.1,247149363,1.97,13.6kB / 126B,71.5MB / 49.8MB,39
2026-08-23T16:57:29.236276+00:00,4,ts-route-mongo,0.26,15760097,0.13,290kB / 543kB,1.52MB / 49.7MB,32
2026-08-23T16:57:29.236276+00:00,4,ts-price-mongo,0.64,15917384,0.13,280kB / 525kB,11.8MB / 49.7MB,32
2026-08-23T16:57:29.236276+00:00,4,ts-ticket-office-mongo,0.26,15225324,0.12,16.5kB / 1.21kB,5.51MB / 49.6MB,30
2026-08-23T16:57:29.236276+00:00,4,ts-station-mongo,0.34,14931722,0.12,308kB / 571kB,348kB / 49.8MB,33
2026-08-23T16:57:29.236276+00:00,4,ts-admin-user-service,0.11,239809331,1.91,12.9kB / 126B,72.3MB / 44.1MB,39
2026-08-23T16:57:29.236276+00:00,4,ts-security-service,0.16,292133274,2.33,539kB / 262kB,111MB / 40.3MB,41
2026-08-23T16:57:29.236276+00:00,4,ts-payment-mongo,0.3,16661873,0.13,274kB / 522kB,20MB / 49.8MB,32
2026-08-23T16:57:29.236276+00:00,4,ts-station-service,0.08,264031437,2.11,619kB / 338kB,104MB / 33.6MB,41
2026-08-23T16:57:29.236276+00:00,4,ts-auth-mongo,0.29,17280532,0.14,305kB / 575kB,26.2MB / 49.5MB,32
2026-08-23T16:57:29.236276+00:00,4,ts-user-service,0.07,265604301,2.12,538kB / 261kB,103MB / 59.3MB,41
2026-08-23T16:57:29.236276+00:00,4,ts-train-service,0.15,284688384,2.27,546kB / 274kB,112MB / 44.3MB,41
2026-08-23T16:57:29.236276+00:00,4,ts-route-service,0.11,289406976,2.31,573kB / 306kB,103MB / 33.9MB,41
2026-08-23T16:57:29.236276+00:00,4,ts-admin-travel-service,0.07,237502464,1.89,10kB / 126B,77.9MB / 49.2MB,39
2026-08-23T16:57:29.236276+00:00,4,ts-config-service,0.09,297061581,2.37,537kB / 262kB,111MB / 32.6MB,41
2026-08-23T16:57:29.236276+00:00,4,ts-order-other-service,0.18,302723891,2.41,567kB / 282kB,114MB / 40.3MB,41
2026-08-23T16:57:29.236276+00:00,4,ts-inside-payment-service,0.11,278816358,2.22,536kB / 264kB,112MB / 37.9MB,41
2026-08-23T16:57:29.236276+00:00,4,ts-price-service,0.1,291923558,2.33,535kB / 267kB,115MB / 38.3MB,41
2026-08-23T16:57:29.236276+00:00,4,ts-consign-service,0.18,274622054,2.19,547kB / 272kB,99.5MB / 40.4MB,41
2026-08-23T16:57:29.236276+00:00,4,ts-voucher-mysql,0.5,65106084,0.52,18.8kB / 3.01kB,247MB / 469MB,38
2026-08-23T16:57:29.236276+00:00,4,ts-travel-plan-service,0.06,245052211,1.95,12.6kB / 126B,83.1MB / 50.2MB,39
2026-08-23T16:57:29.236276+00:00,4,ts-news-service,0.0,4054843,0.03,11.4kB / 126B,13.8MB / 201kB,5
2026-08-23T16:57:29.236276+00:00,4,ts-travel-service,0.08,286995251,2.29,748kB / 456kB,98.4MB / 36.2MB,41
2026-08-23T16:57:29.236276+00:00,4,ts-preserve-service,0.09,291608986,2.32,28.1kB / 23.1kB,96.4MB / 37.2MB,39
2026-08-23T16:57:29.236276+00:00,4,ts-route-plan-service,0.15,232679014,1.86,11.1kB / 126B,73.8MB / 48.6MB,39
2026-08-23T16:57:29.236276+00:00,4,ts-contacts-service,0.07,284478669,2.27,542kB / 262kB,102MB / 39.5MB,41
2026-08-23T16:57:29.236276+00:00,4,ts-basic-service,0.09,249980518,1.99,50.2kB / 37.3kB,74.9MB / 40.1MB,39
2026-08-23T16:57:29.236276+00:00,4,ts-admin-basic-info-service,0.09,225234125,1.8,12.8kB / 126B,86MB / 59MB,39
2026-08-23T16:57:29.236276+00:00,4,ts-ticketinfo-service,0.1,256062259,2.04,42kB / 30.3kB,95.1MB / 43.3MB,39
2026-08-23T16:57:29.236276+00:00,4,ts-cancel-service,0.08,233203302,1.86,13.5kB / 126B,80.4MB / 47.9MB,39
2026-08-23T16:57:29.236276+00:00,4,ts-food-service,0.18,296537293,2.36,541kB / 264kB,104MB / 41.2MB,41
2026-08-23T16:57:29.236276+00:00,4,ts-assurance-service,0.09,256481690,2.04,534kB / 260kB,93.5MB / 43.7MB,41
2026-08-23T16:57:29.236276+00:00,4,ts-verification-code-service,0.11,233203302,1.86,53.2kB / 64.4kB,100MB / 65.8MB,40
2026-08-23T16:57:29.236276+00:00,4,ts-order-service,0.12,287834112,2.29,598kB / 318kB,109MB / 35.1MB,41
2026-08-23T16:57:29.236276+00:00,4,ts-admin-order-service,0.08,227540992,1.81,8.62kB / 126B,78.2MB / 49.8MB,39
2026-08-23T16:57:29.236276+00:00,4,ts-auth-service,0.11,267491738,2.13,683kB / 392kB,139MB / 41.8MB,41
2026-08-23T16:57:29.236276+00:00,4,ts-notification-service,0.11,289616691,2.31,12.4kB / 126B,105MB / 34MB,42
2026-08-23T16:57:29.236276+00:00,4,ts-seat-service,0.09,253440819,2.02,29kB / 14.8kB,86.2MB / 43.1MB,39
2026-08-23T16:57:29.236276+00:00,4,ts-rebook-service,0.09,233622733,1.86,9.81kB / 126B,84.1MB / 48.4MB,39
2026-08-23T16:57:29.236276+00:00,4,ts-admin-route-service,0.09,211707494,1.69,8.63kB / 126B,83.9MB / 62.7MB,39
2026-08-23T16:57:29.236276+00:00,4,ts-food-map-service,0.11,288358400,2.3,537kB / 270kB,96.8MB / 31.1MB,41
2026-08-23T16:57:32.816965+00:00,5,ts-voucher-service,0.0,7409238,0.06,7.04kB / 2.41kB,18MB / 13.5MB,1
2026-08-23T16:57:32.816965+00:00,5,ts-user-mongo,0.52,20069745,0.16,275kB / 524kB,43.9MB / 49.7MB,32
2026-08-23T16:57:32.816965+00:00,5,ts-order-other-mongo,0.46,16085156,0.13,273kB / 528kB,2.32MB / 49.5MB,32
2026-08-23T16:57:32.816965+00:00,5,ts-consign-price-mongo,0.5,16064184,0.13,268kB / 523kB,500kB / 49.5MB,32
2026-08-23T16:57:32.816965+00:00,5,ts-food-mongo,0.5,14680064,0.12,270kB / 521kB,487kB / 49.5MB,32
2026-08-23T16:57:32.816965+00:00,5,ts-consign-price-service,0.12,274307482,2.19,539kB / 260kB,136MB / 45.4MB,41
2026-08-23T16:57:32.816965+00:00,5,ts-account-mongo,0.58,15665725,0.12,16.1kB / 126B,29.1MB / 48.4MB,30
2026-08-23T16:57:32.816965+00:00,5,redis,0.22,4989125,0.04,12.2kB / 126B,59MB / 2.54MB,6
2026-08-23T16:57:32.816965+00:00,5,ts-assurance-mongo,0.51,16798188,0.13,273kB / 521kB,8.89MB / 49.7MB,32
2026-08-23T16:57:32.816965+00:00,5,ts-ui-dashboard,0.0,10538189,0.08,594kB / 731kB,18.3MB / 4.1kB,2
2026-08-23T16:57:32.816965+00:00,5,ts-food-map-mongo,0.44,15068037,0.12,277kB / 527kB,467kB / 50.6MB,32
2026-08-23T16:57:32.816965+00:00,5,ts-contacts-mongo,0.54,15707668,0.13,271kB / 524kB,5.75MB / 50MB,32
2026-08-23T16:57:32.816965+00:00,5,ts-avatar-service,0.01,200173158,1.6,7.79kB / 126B,642MB / 14.2MB,49
2026-08-23T16:57:32.816965+00:00,5,ts-train-mongo,0.52,16399729,0.13,282kB / 531kB,17.1MB / 49.8MB,32
2026-08-23T16:57:32.816965+00:00,5,ts-travel2-mongo,0.57,15728640,0.13,271kB / 524kB,377kB / 49.8MB,32
2026-08-23T16:57:32.816965+00:00,5,ts-consign-mongo,0.6,16871588,0.13,272kB / 526kB,3.12MB / 49.8MB,32
2026-08-23T16:57:32.816965+00:00,5,ts-payment-service,0.09,295803290,2.36,532kB / 260kB,124MB / 35.1MB,41
2026-08-23T16:57:32.816965+00:00,5,ts-travel-mongo,0.51,25060966,0.2,280kB / 542kB,83.1MB / 49.8MB,32
2026-08-23T16:57:32.816965+00:00,5,ts-travel2-service,0.57,302828749,2.41,583kB / 326kB,102MB / 37.6MB,41
2026-08-23T16:57:32.816965+00:00,5,ts-execute-service,0.11,258054554,2.06,21.6kB / 4.86kB,78.8MB / 47.2MB,39
2026-08-23T16:57:32.816965+00:00,5,ts-order-mongo,0.55,15435039,0.12,285kB / 549kB,3.49MB / 49.8MB,32
2026-08-23T16:57:32.816965+00:00,5,ts-security-mongo,0.57,14784922,0.12,268kB / 524kB,365kB / 49.5MB,32
2026-08-23T16:57:32.816965+00:00,5,ts-ticket-office-service,0.0,21286093,0.17,389kB / 18.6kB,73MB / 26.2MB,23
2026-08-23T16:57:32.816965+00:00,5,ts-inside-payment-mongo,0.46,15623782,0.12,275kB / 522kB,557kB / 50.6MB,32
2026-08-23T16:57:32.816965+00:00,5,ts-config-mongo,0.43,17081303,0.14,275kB / 523kB,2.73MB / 49.8MB,32
2026-08-23T16:57:32.816965+00:00,5,ts-news-mongo,0.5,15015608,0.12,13.3kB / 126B,332kB / 48.5MB,30
2026-08-23T16:57:32.816965+00:00,5,ts-rebook-mongo,0.44,15351153,0.12,12.7kB / 126B,254kB / 48.3MB,30
2026-08-23T16:57:32.816965+00:00,5,ts-preserve-other-service,0.09,247149363,1.97,13.6kB / 126B,71.5MB / 49.8MB,39
2026-08-23T16:57:32.816965+00:00,5,ts-route-mongo,0.48,15749612,0.13,290kB / 543kB,1.52MB / 49.7MB,32
2026-08-23T16:57:32.816965+00:00,5,ts-price-mongo,0.57,15938355,0.13,280kB / 525kB,11.8MB / 49.7MB,32
2026-08-23T16:57:32.816965+00:00,5,ts-ticket-office-mongo,0.51,15225324,0.12,16.5kB / 1.21kB,5.51MB / 49.6MB,30
2026-08-23T16:57:32.816965+00:00,5,ts-station-mongo,0.63,14921236,0.12,308kB / 571kB,348kB / 49.8MB,33
2026-08-23T16:57:32.816965+00:00,5,ts-admin-user-service,0.1,239809331,1.91,12.9kB / 126B,72.3MB / 44.1MB,39
2026-08-23T16:57:32.816965+00:00,5,ts-security-service,0.12,291818701,2.33,539kB / 262kB,111MB / 40.3MB,41
2026-08-23T16:57:32.816965+00:00,5,ts-payment-mongo,0.52,17186161,0.14,274kB / 522kB,20MB / 49.8MB,32
2026-08-23T16:57:32.816965+00:00,5,ts-station-service,0.08,264031437,2.11,619kB / 338kB,104MB / 33.6MB,41
2026-08-23T16:57:32.816965+00:00,5,ts-auth-mongo,0.56,17542676,0.14,305kB / 575kB,26.2MB / 49.5MB,32
2026-08-23T16:57:32.816965+00:00,5,ts-user-service,0.09,265604301,2.12,538kB / 261kB,103MB / 59.3MB,41
2026-08-23T16:57:32.816965+00:00,5,ts-train-service,0.09,284688384,2.27,546kB / 274kB,112MB / 44.3MB,41
2026-08-23T16:57:32.816965+00:00,5,ts-route-service,0.13,289406976,2.31,573kB / 306kB,103MB / 33.9MB,41
2026-08-23T16:57:32.816965+00:00,5,ts-admin-travel-service,0.13,237502464,1.89,10kB / 126B,77.9MB / 49.2MB,39
2026-08-23T16:57:32.816965+00:00,5,ts-config-service,0.1,297061581,2.37,537kB / 262kB,111MB / 32.6MB,41
2026-08-23T16:57:32.816965+00:00,5,ts-order-other-service,0.11,302514176,2.41,567kB / 282kB,114MB / 40.3MB,41
2026-08-23T16:57:32.816965+00:00,5,ts-inside-payment-service,0.1,278816358,2.22,536kB / 264kB,112MB / 37.9MB,41
2026-08-23T16:57:32.816965+00:00,5,ts-price-service,0.22,291923558,2.33,535kB / 267kB,115MB / 38.3MB,41
2026-08-23T16:57:32.816965+00:00,5,ts-consign-service,0.12,274307482,2.19,547kB / 272kB,99.5MB / 40.4MB,41
2026-08-23T16:57:32.816965+00:00,5,ts-voucher-mysql,0.61,65106084,0.52,18.8kB / 3.01kB,247MB / 469MB,38
2026-08-23T16:57:32.816965+00:00,5,ts-travel-plan-service,0.12,245052211,1.95,12.6kB / 126B,83.1MB / 50.2MB,39
2026-08-23T16:57:32.816965+00:00,5,ts-news-service,0.0,4054843,0.03,11.4kB / 126B,13.8MB / 201kB,5
2026-08-23T16:57:32.816965+00:00,5,ts-travel-service,0.15,286995251,2.29,748kB / 456kB,98.4MB / 36.2MB,41
2026-08-23T16:57:32.816965+00:00,5,ts-preserve-service,0.09,291608986,2.32,28.1kB / 23.1kB,96.4MB / 37.2MB,39
2026-08-23T16:57:32.816965+00:00,5,ts-route-plan-service,0.08,232679014,1.86,11.1kB / 126B,73.8MB / 48.6MB,39
2026-08-23T16:57:32.816965+00:00,5,ts-contacts-service,0.09,284478669,2.27,542kB / 262kB,102MB / 39.5MB,41
2026-08-23T16:57:32.816965+00:00,5,ts-basic-service,0.09,249980518,1.99,50.2kB / 37.3kB,74.9MB / 40.1MB,39
2026-08-23T16:57:32.816965+00:00,5,ts-admin-basic-info-service,0.08,225234125,1.8,12.8kB / 126B,86MB / 59MB,39
2026-08-23T16:57:32.816965+00:00,5,ts-ticketinfo-service,0.09,256062259,2.04,42kB / 30.3kB,95.1MB / 43.3MB,39
2026-08-23T16:57:32.816965+00:00,5,ts-cancel-service,0.08,233203302,1.86,13.5kB / 126B,80.4MB / 47.9MB,39
2026-08-23T16:57:32.816965+00:00,5,ts-food-service,0.12,296327578,2.36,541kB / 264kB,104MB / 41.2MB,41
2026-08-23T16:57:32.816965+00:00,5,ts-assurance-service,0.11,256481690,2.04,534kB / 260kB,93.5MB / 43.7MB,41
2026-08-23T16:57:32.816965+00:00,5,ts-verification-code-service,0.09,233203302,1.86,53.2kB / 64.4kB,100MB / 65.8MB,40
2026-08-23T16:57:32.816965+00:00,5,ts-order-service,0.21,288043827,2.3,598kB / 318kB,109MB / 35.1MB,41
2026-08-23T16:57:32.816965+00:00,5,ts-admin-order-service,0.1,227540992,1.81,8.62kB / 126B,78.2MB / 49.8MB,39
2026-08-23T16:57:32.816965+00:00,5,ts-auth-service,0.11,267491738,2.13,683kB / 392kB,139MB / 41.8MB,41
2026-08-23T16:57:32.816965+00:00,5,ts-notification-service,0.16,289826406,2.31,12.4kB / 126B,105MB / 34MB,42
2026-08-23T16:57:32.816965+00:00,5,ts-seat-service,0.09,253440819,2.02,29kB / 14.8kB,86.2MB / 43.1MB,39
2026-08-23T16:57:32.816965+00:00,5,ts-rebook-service,0.09,233622733,1.86,9.81kB / 126B,84.1MB / 48.4MB,39
2026-08-23T16:57:32.816965+00:00,5,ts-admin-route-service,0.09,211707494,1.69,8.63kB / 126B,83.9MB / 62.7MB,39
2026-08-23T16:57:32.816965+00:00,5,ts-food-map-service,0.09,288358400,2.3,537kB / 270kB,96.8MB / 31.1MB,41
