timestamp_utc,scenario,iteration,method,route,http_status,latency_ms,response_bytes,response_sha256,application_status,application_message,response_shape,result_count,error_type
2026-08-23T16:57:42.623869+00:00,login,1,POST,/api/v1/users/login,200,226.064,368,f1b941e8f264e7a0914de2f37969c72ee2e70cd63efa3a8c48424475a7439f77,1,login success,dict,,
2026-08-23T16:57:42.887314+00:00,login,2,POST,/api/v1/users/login,200,263.181,368,f1b941e8f264e7a0914de2f37969c72ee2e70cd63efa3a8c48424475a7439f77,1,login success,dict,,
2026-08-23T16:57:43.075639+00:00,login,3,POST,/api/v1/users/login,200,188.12,368,09862e023dbc0109b2e850008c1e45cf0d73838c78f3e8d22ba6f10c38b9f760,1,login success,dict,,
2026-08-23T16:57:43.329045+00:00,login,4,POST,/api/v1/users/login,200,253.137,368,09862e023dbc0109b2e850008c1e45cf0d73838c78f3e8d22ba6f10c38b9f760,1,login success,dict,,
2026-08-23T16:57:43.465619+00:00,login,5,POST,/api/v1/users/login,200,136.099,368,09862e023dbc0109b2e850008c1e45cf0d73838c78f3e8d22ba6f10c38b9f760,1,login success,dict,,
2026-08-23T16:57:43.575914+00:00,login,6,POST,/api/v1/users/login,200,109.713,368,09862e023dbc0109b2e850008c1e45cf0d73838c78f3e8d22ba6f10c38b9f760,1,login success,dict,,
2026-08-23T16:57:44.105630+00:00,login,7,POST,/api/v1/users/login,200,529.503,368,8fee99ce2bab8118e790296279401a40c05cfc2dde99ad6c4008abea52c3b1f6,1,login success,dict,,
2026-08-23T16:57:44.249058+00:00,login,8,POST,/api/v1/users/login,200,143.221,368,8fee99ce2bab8118e790296279401a40c05cfc2dde99ad6c4008abea52c3b1f6,1,login success,dict,,
2026-08-23T16:57:44.351542+00:00,login,9,POST,/api/v1/users/login,200,102.288,368,8fee99ce2bab8118e790296279401a40c05cfc2dde99ad6c4008abea52c3b1f6,1,login success,dict,,
2026-08-23T16:57:44.453303+00:00,login,10,POST,/api/v1/users/login,200,101.56,368,8fee99ce2bab8118e790296279401a40c05cfc2dde99ad6c4008abea52c3b1f6,1,login success,dict,,
2026-08-23T16:57:44.554395+00:00,login,11,POST,/api/v1/users/login,200,100.895,368,8fee99ce2bab8118e790296279401a40c05cfc2dde99ad6c4008abea52c3b1f6,1,login success,dict,,
2026-08-23T16:57:44.688201+00:00,login,12,POST,/api/v1/users/login,200,133.594,368,8fee99ce2bab8118e790296279401a40c05cfc2dde99ad6c4008abea52c3b1f6,1,login success,dict,,
2026-08-23T16:57:44.856485+00:00,login,13,POST,/api/v1/users/login,200,167.964,368,8fee99ce2bab8118e790296279401a40c05cfc2dde99ad6c4008abea52c3b1f6,1,login success,dict,,
2026-08-23T16:57:45.006244+00:00,login,14,POST,/api/v1/users/login,200,149.429,368,8fee99ce2bab8118e790296279401a40c05cfc2dde99ad6c4008abea52c3b1f6,1,login success,dict,,
2026-08-23T16:57:45.129507+00:00,login,15,POST,/api/v1/users/login,200,123.039,368,3c2a9bb2dc03204c612aab5ae4c693282e4cd83927bb0f6fdacfb8b8930bb6b4,1,login success,dict,,
2026-08-23T16:57:45.238162+00:00,login,16,POST,/api/v1/users/login,200,108.48,368,3c2a9bb2dc03204c612aab5ae4c693282e4cd83927bb0f6fdacfb8b8930bb6b4,1,login success,dict,,
2026-08-23T16:57:45.369046+00:00,login,17,POST,/api/v1/users/login,200,130.605,368,3c2a9bb2dc03204c612aab5ae4c693282e4cd83927bb0f6fdacfb8b8930bb6b4,1,login success,dict,,
2026-08-23T16:57:45.601392+00:00,login,18,POST,/api/v1/users/login,200,231.72,368,3c2a9bb2dc03204c612aab5ae4c693282e4cd83927bb0f6fdacfb8b8930bb6b4,1,login success,dict,,
2026-08-23T16:57:46.433093+00:00,login,19,POST,/api/v1/users/login,200,831.399,368,516da2fcec0322eca9516c47a9004be980f530016795ad93998ebe20bd7a9a80,1,login success,dict,,
2026-08-23T16:57:46.654828+00:00,login,20,POST,/api/v1/users/login,200,221.461,368,516da2fcec0322eca9516c47a9004be980f530016795ad93998ebe20bd7a9a80,1,login success,dict,,
2026-08-23T16:57:46.685077+00:00,search_g_train,1,POST,/api/v1/travelservice/trips/left,200,29.997,2,4f53cda18c2baa0c0354bb5f9a3ecbe5ed12ab4d8e11ba873c2f11161202b945,,,list,0,
2026-08-23T16:57:46.711072+00:00,search_g_train,2,POST,/api/v1/travelservice/trips/left,200,25.753,2,4f53cda18c2baa0c0354bb5f9a3ecbe5ed12ab4d8e11ba873c2f11161202b945,,,list,0,
2026-08-23T16:57:46.736980+00:00,search_g_train,3,POST,/api/v1/travelservice/trips/left,200,25.692,2,4f53cda18c2baa0c0354bb5f9a3ecbe5ed12ab4d8e11ba873c2f11161202b945,,,list,0,
2026-08-23T16:57:46.760512+00:00,search_g_train,4,POST,/api/v1/travelservice/trips/left,200,23.303,2,4f53cda18c2baa0c0354bb5f9a3ecbe5ed12ab4d8e11ba873c2f11161202b945,,,list,0,
2026-08-23T16:57:46.776755+00:00,search_g_train,5,POST,/api/v1/travelservice/trips/left,200,15.99,2,4f53cda18c2baa0c0354bb5f9a3ecbe5ed12ab4d8e11ba873c2f11161202b945,,,list,0,
2026-08-23T16:57:46.806990+00:00,search_g_train,6,POST,/api/v1/travelservice/trips/left,200,29.959,2,4f53cda18c2baa0c0354bb5f9a3ecbe5ed12ab4d8e11ba873c2f11161202b945,,,list,0,
2026-08-23T16:57:46.830527+00:00,search_g_train,7,POST,/api/v1/travelservice/trips/left,200,22.557,2,4f53cda18c2baa0c0354bb5f9a3ecbe5ed12ab4d8e11ba873c2f11161202b945,,,list,0,
2026-08-23T16:57:46.863423+00:00,search_g_train,8,POST,/api/v1/travelservice/trips/left,200,32.639,2,4f53cda18c2baa0c0354bb5f9a3ecbe5ed12ab4d8e11ba873c2f11161202b945,,,list,0,
2026-08-23T16:57:46.882826+00:00,search_g_train,9,POST,/api/v1/travelservice/trips/left,200,19.087,2,4f53cda18c2baa0c0354bb5f9a3ecbe5ed12ab4d8e11ba873c2f11161202b945,,,list,0,
2026-08-23T16:57:46.911988+00:00,search_g_train,10,POST,/api/v1/travelservice/trips/left,200,28.885,2,4f53cda18c2baa0c0354bb5f9a3ecbe5ed12ab4d8e11ba873c2f11161202b945,,,list,0,
2026-08-23T16:57:46.965243+00:00,search_g_train,11,POST,/api/v1/travelservice/trips/left,200,53.037,2,4f53cda18c2baa0c0354bb5f9a3ecbe5ed12ab4d8e11ba873c2f11161202b945,,,list,0,
2026-08-23T16:57:47.018824+00:00,search_g_train,12,POST,/api/v1/travelservice/trips/left,200,53.345,2,4f53cda18c2baa0c0354bb5f9a3ecbe5ed12ab4d8e11ba873c2f11161202b945,,,list,0,
2026-08-23T16:57:47.043080+00:00,search_g_train,13,POST,/api/v1/travelservice/trips/left,200,24.001,2,4f53cda18c2baa0c0354bb5f9a3ecbe5ed12ab4d8e11ba873c2f11161202b945,,,list,0,
2026-08-23T16:57:47.062258+00:00,search_g_train,14,POST,/api/v1/travelservice/trips/left,200,18.94,2,4f53cda18c2baa0c0354bb5f9a3ecbe5ed12ab4d8e11ba873c2f11161202b945,,,list,0,
2026-08-23T16:57:47.082957+00:00,search_g_train,15,POST,/api/v1/travelservice/trips/left,200,20.484,2,4f53cda18c2baa0c0354bb5f9a3ecbe5ed12ab4d8e11ba873c2f11161202b945,,,list,0,
2026-08-23T16:57:47.120170+00:00,search_g_train,16,POST,/api/v1/travelservice/trips/left,200,36.878,2,4f53cda18c2baa0c0354bb5f9a3ecbe5ed12ab4d8e11ba873c2f11161202b945,,,list,0,
2026-08-23T16:57:47.142155+00:00,search_g_train,17,POST,/api/v1/travelservice/trips/left,200,21.448,2,4f53cda18c2baa0c0354bb5f9a3ecbe5ed12ab4d8e11ba873c2f11161202b945,,,list,0,
2026-08-23T16:57:47.166310+00:00,search_g_train,18,POST,/api/v1/travelservice/trips/left,200,23.721,2,4f53cda18c2baa0c0354bb5f9a3ecbe5ed12ab4d8e11ba873c2f11161202b945,,,list,0,
2026-08-23T16:57:47.198073+00:00,search_g_train,19,POST,/api/v1/travelservice/trips/left,200,31.488,2,4f53cda18c2baa0c0354bb5f9a3ecbe5ed12ab4d8e11ba873c2f11161202b945,,,list,0,
2026-08-23T16:57:47.219548+00:00,search_g_train,20,POST,/api/v1/travelservice/trips/left,200,21.179,2,4f53cda18c2baa0c0354bb5f9a3ecbe5ed12ab4d8e11ba873c2f11161202b945,,,list,0,
2026-08-23T16:57:47.249722+00:00,search_d_train,1,POST,/api/v1/travel2service/trips/left,200,29.87,2,4f53cda18c2baa0c0354bb5f9a3ecbe5ed12ab4d8e11ba873c2f11161202b945,,,list,0,
2026-08-23T16:57:47.270229+00:00,search_d_train,2,POST,/api/v1/travel2service/trips/left,200,20.249,2,4f53cda18c2baa0c0354bb5f9a3ecbe5ed12ab4d8e11ba873c2f11161202b945,,,list,0,
2026-08-23T16:57:47.285670+00:00,search_d_train,3,POST,/api/v1/travel2service/trips/left,200,15.153,2,4f53cda18c2baa0c0354bb5f9a3ecbe5ed12ab4d8e11ba873c2f11161202b945,,,list,0,
2026-08-23T16:57:47.305837+00:00,search_d_train,4,POST,/api/v1/travel2service/trips/left,200,19.915,2,4f53cda18c2baa0c0354bb5f9a3ecbe5ed12ab4d8e11ba873c2f11161202b945,,,list,0,
2026-08-23T16:57:47.328450+00:00,search_d_train,5,POST,/api/v1/travel2service/trips/left,200,22.347,2,4f53cda18c2baa0c0354bb5f9a3ecbe5ed12ab4d8e11ba873c2f11161202b945,,,list,0,
2026-08-23T16:57:47.342496+00:00,search_d_train,6,POST,/api/v1/travel2service/trips/left,200,13.722,2,4f53cda18c2baa0c0354bb5f9a3ecbe5ed12ab4d8e11ba873c2f11161202b945,,,list,0,
2026-08-23T16:57:47.370372+00:00,search_d_train,7,POST,/api/v1/travel2service/trips/left,200,27.63,2,4f53cda18c2baa0c0354bb5f9a3ecbe5ed12ab4d8e11ba873c2f11161202b945,,,list,0,
2026-08-23T16:57:47.389747+00:00,search_d_train,8,POST,/api/v1/travel2service/trips/left,200,19.156,2,4f53cda18c2baa0c0354bb5f9a3ecbe5ed12ab4d8e11ba873c2f11161202b945,,,list,0,
2026-08-23T16:57:47.404518+00:00,search_d_train,9,POST,/api/v1/travel2service/trips/left,200,14.532,2,4f53cda18c2baa0c0354bb5f9a3ecbe5ed12ab4d8e11ba873c2f11161202b945,,,list,0,
2026-08-23T16:57:47.420810+00:00,search_d_train,10,POST,/api/v1/travel2service/trips/left,200,16.068,2,4f53cda18c2baa0c0354bb5f9a3ecbe5ed12ab4d8e11ba873c2f11161202b945,,,list,0,
2026-08-23T16:57:47.436809+00:00,search_d_train,11,POST,/api/v1/travel2service/trips/left,200,15.723,2,4f53cda18c2baa0c0354bb5f9a3ecbe5ed12ab4d8e11ba873c2f11161202b945,,,list,0,
2026-08-23T16:57:47.455948+00:00,search_d_train,12,POST,/api/v1/travel2service/trips/left,200,18.909,2,4f53cda18c2baa0c0354bb5f9a3ecbe5ed12ab4d8e11ba873c2f11161202b945,,,list,0,
2026-08-23T16:57:47.488068+00:00,search_d_train,13,POST,/api/v1/travel2service/trips/left,200,31.88,2,4f53cda18c2baa0c0354bb5f9a3ecbe5ed12ab4d8e11ba873c2f11161202b945,,,list,0,
2026-08-23T16:57:47.530455+00:00,search_d_train,14,POST,/api/v1/travel2service/trips/left,200,42.16,2,4f53cda18c2baa0c0354bb5f9a3ecbe5ed12ab4d8e11ba873c2f11161202b945,,,list,0,
2026-08-23T16:57:47.548475+00:00,search_d_train,15,POST,/api/v1/travel2service/trips/left,200,17.785,2,4f53cda18c2baa0c0354bb5f9a3ecbe5ed12ab4d8e11ba873c2f11161202b945,,,list,0,
2026-08-23T16:57:47.585353+00:00,search_d_train,16,POST,/api/v1/travel2service/trips/left,200,36.587,2,4f53cda18c2baa0c0354bb5f9a3ecbe5ed12ab4d8e11ba873c2f11161202b945,,,list,0,
2026-08-23T16:57:47.610579+00:00,search_d_train,17,POST,/api/v1/travel2service/trips/left,200,24.927,2,4f53cda18c2baa0c0354bb5f9a3ecbe5ed12ab4d8e11ba873c2f11161202b945,,,list,0,
2026-08-23T16:57:47.646093+00:00,search_d_train,18,POST,/api/v1/travel2service/trips/left,200,35.25,2,4f53cda18c2baa0c0354bb5f9a3ecbe5ed12ab4d8e11ba873c2f11161202b945,,,list,0,
2026-08-23T16:57:47.664222+00:00,search_d_train,19,POST,/api/v1/travel2service/trips/left,200,17.866,2,4f53cda18c2baa0c0354bb5f9a3ecbe5ed12ab4d8e11ba873c2f11161202b945,,,list,0,
2026-08-23T16:57:47.689337+00:00,search_d_train,20,POST,/api/v1/travel2service/trips/left,200,24.89,2,4f53cda18c2baa0c0354bb5f9a3ecbe5ed12ab4d8e11ba873c2f11161202b945,,,list,0,
