caller,callee,classification,static_evidence,runtime_evidence,interpretation
ts-admin-basic-info-service,ts-config-service,NOT_EXERCISED,true,false,"absence is workload-specific, not proof of an unused dependency"
ts-admin-basic-info-service,ts-contacts-service,NOT_EXERCISED,true,false,"absence is workload-specific, not proof of an unused dependency"
ts-admin-basic-info-service,ts-price-service,NOT_EXERCISED,true,false,"absence is workload-specific, not proof of an unused dependency"
ts-admin-basic-info-service,ts-station-service,NOT_EXERCISED,true,false,"absence is workload-specific, not proof of an unused dependency"
ts-admin-basic-info-service,ts-train-service,NOT_EXERCISED,true,false,"absence is workload-specific, not proof of an unused dependency"
ts-admin-order-service,ts-order-other-service,NOT_EXERCISED,true,false,"absence is workload-specific, not proof of an unused dependency"
ts-admin-order-service,ts-order-service,NOT_EXERCISED,true,false,"absence is workload-specific, not proof of an unused dependency"
ts-admin-route-service,ts-route-service,NOT_EXERCISED,true,false,"absence is workload-specific, not proof of an unused dependency"
ts-admin-route-service,ts-station-service,NOT_EXERCISED,true,false,"absence is workload-specific, not proof of an unused dependency"
ts-admin-travel-service,ts-route-service,NOT_EXERCISED,true,false,"absence is workload-specific, not proof of an unused dependency"
ts-admin-travel-service,ts-station-service,NOT_EXERCISED,true,false,"absence is workload-specific, not proof of an unused dependency"
ts-admin-travel-service,ts-train-service,NOT_EXERCISED,true,false,"absence is workload-specific, not proof of an unused dependency"
ts-admin-travel-service,ts-travel-service,NOT_EXERCISED,true,false,"absence is workload-specific, not proof of an unused dependency"
ts-admin-travel-service,ts-travel2-service,NOT_EXERCISED,true,false,"absence is workload-specific, not proof of an unused dependency"
ts-admin-user-service,ts-user-service,NOT_EXERCISED,true,false,"absence is workload-specific, not proof of an unused dependency"
ts-auth-service,ts-verification-code-service,NOT_EXERCISED,true,false,"absence is workload-specific, not proof of an unused dependency"
ts-basic-service,ts-price-service,NOT_EXERCISED,true,false,"absence is workload-specific, not proof of an unused dependency"
ts-basic-service,ts-route-service,NOT_EXERCISED,true,false,"absence is workload-specific, not proof of an unused dependency"
ts-basic-service,ts-station-service,NOT_EXERCISED,true,false,"absence is workload-specific, not proof of an unused dependency"
ts-basic-service,ts-train-service,NOT_EXERCISED,true,false,"absence is workload-specific, not proof of an unused dependency"
ts-cancel-service,ts-inside-payment-service,NOT_EXERCISED,true,false,"absence is workload-specific, not proof of an unused dependency"
ts-cancel-service,ts-notification-service,NOT_EXERCISED,true,false,"absence is workload-specific, not proof of an unused dependency"
ts-cancel-service,ts-order-other-service,NOT_EXERCISED,true,false,"absence is workload-specific, not proof of an unused dependency"
ts-cancel-service,ts-order-service,NOT_EXERCISED,true,false,"absence is workload-specific, not proof of an unused dependency"
ts-cancel-service,ts-user-service,NOT_EXERCISED,true,false,"absence is workload-specific, not proof of an unused dependency"
ts-consign-service,ts-consign-price-service,NOT_EXERCISED,true,false,"absence is workload-specific, not proof of an unused dependency"
ts-execute-service,ts-order-other-service,NOT_EXERCISED,true,false,"absence is workload-specific, not proof of an unused dependency"
ts-execute-service,ts-order-service,NOT_EXERCISED,true,false,"absence is workload-specific, not proof of an unused dependency"
ts-food-delivery-service,ts-station-food-service,NOT_EXERCISED,true,false,"absence is workload-specific, not proof of an unused dependency"
ts-food-service,ts-station-food-service,NOT_EXERCISED,true,false,"absence is workload-specific, not proof of an unused dependency"
ts-food-service,ts-train-food-service,NOT_EXERCISED,true,false,"absence is workload-specific, not proof of an unused dependency"
ts-food-service,ts-travel-service,NOT_EXERCISED,true,false,"absence is workload-specific, not proof of an unused dependency"
ts-inside-payment-service,ts-order-other-service,NOT_EXERCISED,true,false,"absence is workload-specific, not proof of an unused dependency"
ts-inside-payment-service,ts-order-service,NOT_EXERCISED,true,false,"absence is workload-specific, not proof of an unused dependency"
ts-inside-payment-service,ts-payment-service,NOT_EXERCISED,true,false,"absence is workload-specific, not proof of an unused dependency"
ts-order-other-service,ts-station-service,NOT_EXERCISED,true,false,"absence is workload-specific, not proof of an unused dependency"
ts-order-service,ts-station-service,NOT_EXERCISED,true,false,"absence is workload-specific, not proof of an unused dependency"
ts-preserve-other-service,ts-assurance-service,NOT_EXERCISED,true,false,"absence is workload-specific, not proof of an unused dependency"
ts-preserve-other-service,ts-basic-service,NOT_EXERCISED,true,false,"absence is workload-specific, not proof of an unused dependency"
ts-preserve-other-service,ts-consign-service,NOT_EXERCISED,true,false,"absence is workload-specific, not proof of an unused dependency"
ts-preserve-other-service,ts-contacts-service,NOT_EXERCISED,true,false,"absence is workload-specific, not proof of an unused dependency"
ts-preserve-other-service,ts-food-service,NOT_EXERCISED,true,false,"absence is workload-specific, not proof of an unused dependency"
ts-preserve-other-service,ts-order-other-service,NOT_EXERCISED,true,false,"absence is workload-specific, not proof of an unused dependency"
ts-preserve-other-service,ts-seat-service,NOT_EXERCISED,true,false,"absence is workload-specific, not proof of an unused dependency"
ts-preserve-other-service,ts-security-service,NOT_EXERCISED,true,false,"absence is workload-specific, not proof of an unused dependency"
ts-preserve-other-service,ts-station-service,NOT_EXERCISED,true,false,"absence is workload-specific, not proof of an unused dependency"
ts-preserve-other-service,ts-travel2-service,NOT_EXERCISED,true,false,"absence is workload-specific, not proof of an unused dependency"
ts-preserve-other-service,ts-user-service,NOT_EXERCISED,true,false,"absence is workload-specific, not proof of an unused dependency"
ts-preserve-service,ts-assurance-service,NOT_EXERCISED,true,false,"absence is workload-specific, not proof of an unused dependency"
ts-preserve-service,ts-basic-service,NOT_EXERCISED,true,false,"absence is workload-specific, not proof of an unused dependency"
ts-preserve-service,ts-consign-service,NOT_EXERCISED,true,false,"absence is workload-specific, not proof of an unused dependency"
ts-preserve-service,ts-contacts-service,NOT_EXERCISED,true,false,"absence is workload-specific, not proof of an unused dependency"
ts-preserve-service,ts-food-service,NOT_EXERCISED,true,false,"absence is workload-specific, not proof of an unused dependency"
ts-preserve-service,ts-order-service,NOT_EXERCISED,true,false,"absence is workload-specific, not proof of an unused dependency"
ts-preserve-service,ts-seat-service,NOT_EXERCISED,true,false,"absence is workload-specific, not proof of an unused dependency"
ts-preserve-service,ts-security-service,NOT_EXERCISED,true,false,"absence is workload-specific, not proof of an unused dependency"
ts-preserve-service,ts-station-service,NOT_EXERCISED,true,false,"absence is workload-specific, not proof of an unused dependency"
ts-preserve-service,ts-travel-service,NOT_EXERCISED,true,false,"absence is workload-specific, not proof of an unused dependency"
ts-preserve-service,ts-user-service,NOT_EXERCISED,true,false,"absence is workload-specific, not proof of an unused dependency"
ts-rebook-service,ts-inside-payment-service,NOT_EXERCISED,true,false,"absence is workload-specific, not proof of an unused dependency"
ts-rebook-service,ts-order-other-service,NOT_EXERCISED,true,false,"absence is workload-specific, not proof of an unused dependency"
ts-rebook-service,ts-order-service,NOT_EXERCISED,true,false,"absence is workload-specific, not proof of an unused dependency"
ts-rebook-service,ts-route-service,NOT_EXERCISED,true,false,"absence is workload-specific, not proof of an unused dependency"
ts-rebook-service,ts-seat-service,NOT_EXERCISED,true,false,"absence is workload-specific, not proof of an unused dependency"
ts-rebook-service,ts-train-service,NOT_EXERCISED,true,false,"absence is workload-specific, not proof of an unused dependency"
ts-rebook-service,ts-travel-service,NOT_EXERCISED,true,false,"absence is workload-specific, not proof of an unused dependency"
ts-rebook-service,ts-travel2-service,NOT_EXERCISED,true,false,"absence is workload-specific, not proof of an unused dependency"
ts-route-plan-service,ts-route-service,NOT_EXERCISED,true,false,"absence is workload-specific, not proof of an unused dependency"
ts-route-plan-service,ts-travel-service,NOT_EXERCISED,true,false,"absence is workload-specific, not proof of an unused dependency"
ts-route-plan-service,ts-travel2-service,NOT_EXERCISED,true,false,"absence is workload-specific, not proof of an unused dependency"
ts-seat-service,ts-config-service,NOT_EXERCISED,true,false,"absence is workload-specific, not proof of an unused dependency"
ts-seat-service,ts-order-other-service,NOT_EXERCISED,true,false,"absence is workload-specific, not proof of an unused dependency"
ts-seat-service,ts-order-service,NOT_EXERCISED,true,false,"absence is workload-specific, not proof of an unused dependency"
ts-security-service,ts-order-other-service,NOT_EXERCISED,true,false,"absence is workload-specific, not proof of an unused dependency"
ts-security-service,ts-order-service,NOT_EXERCISED,true,false,"absence is workload-specific, not proof of an unused dependency"
ts-travel-plan-service,ts-route-plan-service,NOT_EXERCISED,true,false,"absence is workload-specific, not proof of an unused dependency"
ts-travel-plan-service,ts-seat-service,NOT_EXERCISED,true,false,"absence is workload-specific, not proof of an unused dependency"
ts-travel-plan-service,ts-train-service,NOT_EXERCISED,true,false,"absence is workload-specific, not proof of an unused dependency"
ts-travel-plan-service,ts-travel-service,NOT_EXERCISED,true,false,"absence is workload-specific, not proof of an unused dependency"
ts-travel-plan-service,ts-travel2-service,NOT_EXERCISED,true,false,"absence is workload-specific, not proof of an unused dependency"
ts-travel-service,ts-basic-service,NOT_EXERCISED,true,false,"absence is workload-specific, not proof of an unused dependency"
ts-travel-service,ts-route-service,NOT_EXERCISED,true,false,"absence is workload-specific, not proof of an unused dependency"
ts-travel-service,ts-seat-service,NOT_EXERCISED,true,false,"absence is workload-specific, not proof of an unused dependency"
ts-travel-service,ts-train-service,NOT_EXERCISED,true,false,"absence is workload-specific, not proof of an unused dependency"
ts-travel2-service,ts-basic-service,NOT_EXERCISED,true,false,"absence is workload-specific, not proof of an unused dependency"
ts-travel2-service,ts-route-service,NOT_EXERCISED,true,false,"absence is workload-specific, not proof of an unused dependency"
ts-travel2-service,ts-seat-service,NOT_EXERCISED,true,false,"absence is workload-specific, not proof of an unused dependency"
ts-travel2-service,ts-train-service,NOT_EXERCISED,true,false,"absence is workload-specific, not proof of an unused dependency"
ts-ui-dashboard,ts-auth-service,RUNTIME_ONLY,false,true,observed live TCP connection
ts-ui-dashboard,ts-travel-service,RUNTIME_ONLY,false,true,observed live TCP connection
ts-ui-dashboard,ts-travel2-service,RUNTIME_ONLY,false,true,observed live TCP connection
ts-user-service,ts-auth-service,NOT_EXERCISED,true,false,"absence is workload-specific, not proof of an unused dependency"
ts-wait-order-service,ts-preserve-service,NOT_EXERCISED,true,false,"absence is workload-specific, not proof of an unused dependency"
