scenario,caller,callee,http_method,http_route,request_count,failure_count,latency_mean_ms,latency_p95_ms,latency_max_ms
UNMATCHED,ts-basic-service,ts-station-service,GET,/api/v1/stationservice/stations/id/{stationNameForId},24,0,224.108,1141.589,1842.845
UNMATCHED,ts-ticketinfo-service,ts-basic-service,GET,/api/v1/basicservice/basic/{stationName},24,0,274.282,1238.275,2143.467
UNMATCHED,ts-travel2-service,ts-route-service,GET,/api/v1/routeservice/routes/{routeId},60,0,33.652,64.783,477.937
UNMATCHED,ts-travel2-service,ts-ticketinfo-service,GET,/api/v1/ticketinfoservice/ticketinfo/{name},24,0,375.136,1253.323,2388.07
login,ts-auth-service,ts-verification-code-service,GET,/api/v1/verifycode/verify/{verifyCode},3,0,186.527,211.275,214.316
search_d_train,ts-basic-service,ts-station-service,GET,/api/v1/stationservice/stations/id/{stationNameForId},6,0,19.697,59.054,74.807
search_d_train,ts-ticketinfo-service,ts-basic-service,GET,/api/v1/basicservice/basic/{stationName},6,0,39.823,76.827,78.92
search_d_train,ts-travel2-service,ts-route-service,GET,/api/v1/routeservice/routes/{routeId},15,0,7.664,14.472,22.183
search_d_train,ts-travel2-service,ts-ticketinfo-service,GET,/api/v1/ticketinfoservice/ticketinfo/{name},6,0,78.307,144.106,161.131
search_g_train,ts-basic-service,ts-price-service,GET,/api/v1/priceservice/prices/{routeId}/{trainType},3,0,163.874,291.268,310.813
search_g_train,ts-basic-service,ts-route-service,GET,/api/v1/routeservice/routes/{routeId},3,0,18.489,22.089,22.617
search_g_train,ts-basic-service,ts-station-service,GET,/api/v1/stationservice/stations/id/{stationNameForId},30,0,33.14,96.891,236.299
search_g_train,ts-basic-service,ts-train-service,GET,/api/v1/trainservice/trains/{id},3,0,153.283,269.157,287.911
search_g_train,ts-seat-service,ts-config-service,GET,/api/v1/configservice/configs/{configName},6,0,104.698,236.125,276.946
search_g_train,ts-seat-service,ts-order-service,POST,/api/v1/orderservice/order/tickets,6,0,143.238,347.611,417.783
search_g_train,ts-seat-service,ts-travel-service,GET,/api/v1/travelservice/routes/{tripId},6,0,39.416,58.052,60.098
search_g_train,ts-seat-service,ts-travel-service,GET,/api/v1/travelservice/train_types/{tripId},6,0,92.062,158.388,166.854
search_g_train,ts-ticketinfo-service,ts-basic-service,GET,/api/v1/basicservice/basic/{stationName},18,0,74.425,218.102,494.473
search_g_train,ts-ticketinfo-service,ts-basic-service,POST,/api/v1/basicservice/basic/travel,3,0,822.641,1393.187,1478.359
search_g_train,ts-travel-service,ts-order-service,GET,/api/v1/orderservice/order/{travelDate}/{trainNumber},3,0,198.323,343.549,364.33
search_g_train,ts-travel-service,ts-route-service,GET,/api/v1/routeservice/routes/{routeId},21,0,31.632,33.762,347.721
search_g_train,ts-travel-service,ts-seat-service,POST,/api/v1/seatservice/seats/left_tickets,6,0,745.756,1499.939,1720.125
search_g_train,ts-travel-service,ts-ticketinfo-service,GET,/api/v1/ticketinfoservice/ticketinfo/{name},18,0,141.842,362.083,536.906
search_g_train,ts-travel-service,ts-ticketinfo-service,POST,/api/v1/ticketinfoservice/ticketinfo,3,0,973.623,1521.123,1593.845
search_g_train,ts-travel-service,ts-train-service,GET,/api/v1/trainservice/trains/{id},9,0,89.983,180.101,200.081
