scenario,service,db_system,db_operation,db_namespace,server_address,server_port,span_count,failure_count,latency_mean_ms,latency_p95_ms,latency_max_ms
UNMATCHED,ts-route-service,mongodb,find,,ts-route-mongo,27017,60,0,2.358,6.321,17.523
UNMATCHED,ts-station-service,mongodb,find,,ts-station-mongo,27017,24,0,39.015,305.538,363.988
UNMATCHED,ts-travel2-service,mongodb,find,,ts-travel2-mongo,27017,12,0,36.139,102.633,112.71
login,ts-auth-service,mongodb,find,,ts-auth-mongo,27017,6,0,15.639,30.444,35.006
search_d_train,ts-route-service,mongodb,find,,ts-route-mongo,27017,15,0,1.116,2.11,2.214
search_d_train,ts-station-service,mongodb,find,,ts-station-mongo,27017,6,0,1.243,1.929,2.069
search_d_train,ts-travel2-service,mongodb,find,,ts-travel2-mongo,27017,3,0,21.829,37.157,39.787
search_g_train,ts-config-service,mongodb,find,,ts-config-mongo,27017,6,0,2.539,5.301,6.033
search_g_train,ts-order-service,mongodb,find,,ts-order-mongo,27017,9,0,6.884,17.578,20.842
search_g_train,ts-price-service,mongodb,find,,ts-price-mongo,27017,3,0,10.678,26.222,28.908
search_g_train,ts-route-service,mongodb,find,,ts-route-mongo,27017,24,0,14.261,3.223,308.634
search_g_train,ts-station-service,mongodb,find,,ts-station-mongo,27017,30,0,2.806,9.614,15.786
search_g_train,ts-train-service,mongodb,find,,ts-train-mongo,27017,24,0,9.801,12.917,137.234
search_g_train,ts-travel-service,mongodb,find,,ts-travel-mongo,27017,15,0,6.173,25.936,57.387
